id,title,publisher,edition,format,availability,url,download_url,local_path,sha256,retrieved_at,rights_url,rights_notes,whitepaper_ref,notes
worldbank-gdp-real,日本の実質GDP（constant LCU）API応答,World Bank,取得日2026-09-22の保存版,json,downloaded,https://api.worldbank.org/v2/country/JPN/indicator/NY.GDP.MKTP.KN?format=json&per_page=100,https://api.worldbank.org/v2/country/JPN/indicator/NY.GDP.MKTP.KN?format=json&per_page=100,raw/context/worldbank-gdp-real.json,0a8a07825f440d40749a66944e519314d6707278eff5c1ff688be9493c5e84cb,2026-09-22T09:53:22.409860+00:00,https://data.worldbank.org/summary-terms-of-use,出典・加工内容を明記。第三者素材の条件は別途確認。World Bankはデータセット固有条件も確認。,横断分析の補助統計。白書掲載時の版と同一と確認したものではない。,補助候補。試作には未使用。白書の特定図との対応は未確認。
mhlw-wage-page,毎月勤労統計2025年12月確報 掲載ページ,厚生労働省,取得日2026-09-22の保存版,html,downloaded,https://www.mhlw.go.jp/toukei/itiran/roudou/monthly/r07/2512r/2512r.html,https://www.mhlw.go.jp/toukei/itiran/roudou/monthly/r07/2512r/2512r.html,raw/context/mhlw-wage-index.html,2bb38e1e161e16f26477658e16ba3878b0307da56ad088ebf1acb875bdd85fe2,2026-09-22T09:53:22.990596+00:00,https://www.mhlw.go.jp/chosakuken/index.html,出典・加工内容を明記。第三者素材の条件は別途確認。World Bankはデータセット固有条件も確認。,横断分析の補助統計。白書掲載時の版と同一と確認したものではない。,2026-02-25公表の確報ページ。賃金指数の出典。
stat-cpi-annual-page,消費者物価指数 2025年平均結果,総務省統計局,取得日2026-09-22の保存版,html,downloaded,https://www.stat.go.jp/data/cpi/sokuhou/nen/index-z.htm,https://www.stat.go.jp/data/cpi/sokuhou/nen/index-z.htm,raw/context/cpi-annual.html,db00591ac26cf527ecb39b0c1a51f36f45ef464129ecee684989d097bd6cd9dc,2026-09-22T09:53:23.081683+00:00,https://www.stat.go.jp/info/riyou.html,出典・加工内容を明記。第三者素材の条件は別途確認。World Bankはデータセット固有条件も確認。,横断分析の補助統計。白書掲載時の版と同一と確認したものではない。,2020年基準の公表年平均を確認するページ。
meti-terms,経済産業省 利用規約,経済産業省,取得日2026-09-22の保存版,html,failed,https://www.meti.go.jp/main/rules.html,https://www.meti.go.jp/main/rules.html,,,2026-09-22T09:53:23.419229+00:00,https://www.meti.go.jp/main/rules.html,出典・加工内容を明記。第三者素材の条件は別途確認。World Bankはデータセット固有条件も確認。,横断分析の補助統計。白書掲載時の版と同一と確認したものではない。,公式検索内容を確認。直接取得は403。
mhlw-wage-indices,毎月勤労統計 時系列表第1表 賃金指数,厚生労働省,取得日2026-09-22の保存版,xlsx,downloaded,https://www.mhlw.go.jp/toukei/itiran/roudou/monthly/r07/2512r/xls/2512t01r.xlsx,https://www.mhlw.go.jp/toukei/itiran/roudou/monthly/r07/2512r/xls/2512t01r.xlsx,raw/context/wages-2025-final.xlsx,6eb5b388ce24efcf38d766e7363edc99bd7fb18c42d67a25cbd052f768770bf2,2026-09-22T09:54:29.577329+00:00,https://www.mhlw.go.jp/chosakuken/index.html,出典・加工内容を明記。第三者素材の条件は別途確認。World Bankはデータセット固有条件も確認。,横断分析の補助統計。白書掲載時の版と同一と確認したものではない。,2022〜2025年の年平均等。2024年ベンチマーク更新に伴い、公表前年比は隣接する指数の単純比と異なる。
mhlw-wage-release,毎月勤労統計2025年12月確報 概況・利用上の注意,厚生労働省,取得日2026-09-22の保存版,pdf,downloaded,https://www.mhlw.go.jp/toukei/itiran/roudou/monthly/r07/2512r/dl/pdf2512r.pdf,https://www.mhlw.go.jp/toukei/itiran/roudou/monthly/r07/2512r/dl/pdf2512r.pdf,raw/context/wages-2025-final.pdf,ddeda40817b9edf89efaa3988414921ea8cb8bc6a959d44668bd8a1605c991d7,2026-09-22T09:54:29.707364+00:00,https://www.mhlw.go.jp/chosakuken/index.html,出典・加工内容を明記。第三者素材の条件は別途確認。World Bankはデータセット固有条件も確認。,横断分析の補助統計。白書掲載時の版と同一と確認したものではない。,計算上の注意を原PDFで確認。
stat-cpi-results,消費者物価指数 結果一覧,総務省統計局,取得日2026-09-22の保存版,html,downloaded,https://www.stat.go.jp/data/cpi/1.htm,https://www.stat.go.jp/data/cpi/1.htm,raw/context/cpi-results.html,f9852e3eeba3cd2c778fa872b8d23bd1659e211860bc2bfbf1fca5d5a9ba77ab,2026-09-22T09:54:29.884065+00:00,https://www.stat.go.jp/info/riyou.html,出典・加工内容を明記。第三者素材の条件は別途確認。World Bankはデータセット固有条件も確認。,横断分析の補助統計。白書掲載時の版と同一と確認したものではない。,2020年基準と2025年基準の公開先を区別。
worldbank-gdp-metadata,実質GDP指標の定義・データ源,World Bank,取得日2026-09-22の保存版,json,downloaded,https://api.worldbank.org/v2/indicator/NY.GDP.MKTP.KN?format=json,https://api.worldbank.org/v2/indicator/NY.GDP.MKTP.KN?format=json,raw/context/worldbank-gdp-metadata.json,70eaa4a629f8784882e750473324d826b8bdf201b2f625848721290454de256a,2026-09-22T09:54:30.120803+00:00,https://data.worldbank.org/summary-terms-of-use,出典・加工内容を明記。第三者素材の条件は別途確認。World Bankはデータセット固有条件も確認。,横断分析の補助統計。白書掲載時の版と同一と確認したものではない。,補助候補の定義情報。
stat-cpi-2020-monthly,消費者物価指数 2020年基準 全国月次・小数第3位,総務省統計局,取得日2026-09-22の保存版,csv,downloaded,https://www.stat.go.jp/data/cpi/2020/csv/zmi2020aa.csv,https://www.stat.go.jp/data/cpi/2020/csv/zmi2020aa.csv,raw/context/cpi-monthly-2020base.csv,960d55d484dd0c98ff107bd766e521cba600d75d0fa0424cfe54eea075e76b77,2026-09-22T09:55:37.499071+00:00,https://www.stat.go.jp/info/riyou.html,出典・加工内容を明記。第三者素材の条件は別途確認。World Bankはデータセット固有条件も確認。,横断分析の補助統計。白書掲載時の版と同一と確認したものではない。,2020年1月〜2026年8月、786列。試作では3系列を抽出し、12か月そろう2020〜2025年を再集計。
energy-estat-index-1,総合エネルギー統計 e-Stat一覧 1,資源エネルギー庁（e-Stat掲載）,2026-04-14更新系列,html,downloaded,https://www.e-stat.go.jp/stat-search/files?cycle=7&layout=dataset&page=1&result_page=1&tclass1=000001024837&tclass2val=0&toukei=00551010&toukei_kind=9&tstat=000001024835,https://www.e-stat.go.jp/stat-search/files?cycle=7&layout=dataset&page=1&result_page=1&tclass1=000001024837&tclass2val=0&toukei=00551010&toukei_kind=9&tstat=000001024835,raw/energy/estat-balance-index-1.html,5c81fa19da212b42e05995be86e9e97fbd034ceb5a45f0bba82d8ae16b96b05e,2026-09-22T09:55:16.577631+00:00,https://www.e-stat.go.jp/terms-of-use,e-Stat利用規約および提供元の利用条件に従う。出典・加工の明示が必要。,エネルギー動向2025年6月版 第1章 国内エネルギー動向。2026年4月14日改訂系列は白書掲載時点と異なる。,
energy-estat-index-2,総合エネルギー統計 e-Stat一覧 2,資源エネルギー庁（e-Stat掲載）,2026-04-14更新系列,html,downloaded,https://www.e-stat.go.jp/stat-search/files?cycle=7&layout=dataset&page=2&result_page=1&tclass1=000001024837&tclass2val=0&toukei=00551010&toukei_kind=9&tstat=000001024835,https://www.e-stat.go.jp/stat-search/files?cycle=7&layout=dataset&page=2&result_page=1&tclass1=000001024837&tclass2val=0&toukei=00551010&toukei_kind=9&tstat=000001024835,raw/energy/estat-balance-index-2.html,bdcbf1c0783dab65da16b45813fc3f31b8cd3ebb490c91c5957912289fc42c54,2026-09-22T09:55:17.948488+00:00,https://www.e-stat.go.jp/terms-of-use,e-Stat利用規約および提供元の利用条件に従う。出典・加工の明示が必要。,エネルギー動向2025年6月版 第1章 国内エネルギー動向。2026年4月14日改訂系列は白書掲載時点と異なる。,
energy-estat-index-3,総合エネルギー統計 e-Stat一覧 3,資源エネルギー庁（e-Stat掲載）,2026-04-14更新系列,html,downloaded,https://www.e-stat.go.jp/stat-search/files?cycle=7&layout=dataset&page=3&result_page=1&tclass1=000001024837&tclass2val=0&toukei=00551010&toukei_kind=9&tstat=000001024835,https://www.e-stat.go.jp/stat-search/files?cycle=7&layout=dataset&page=3&result_page=1&tclass1=000001024837&tclass2val=0&toukei=00551010&toukei_kind=9&tstat=000001024835,raw/energy/estat-balance-index-3.html,b7dba2a67fa69ded125738e86d28ad6ade1086df0826239538b2ecd6f04e24bc,2026-09-22T09:55:19.161490+00:00,https://www.e-stat.go.jp/terms-of-use,e-Stat利用規約および提供元の利用条件に従う。出典・加工の明示が必要。,エネルギー動向2025年6月版 第1章 国内エネルギー動向。2026年4月14日改訂系列は白書掲載時点と異なる。,
energy-balance-2024,総合エネルギー統計 2024年度 簡易表,資源エネルギー庁（e-Stat掲載）,2024年度・2026-04-14改訂,xlsx,downloaded,https://www.e-stat.go.jp/stat-search/file-download?statInfId=000040391290&fileKind=0,https://www.e-stat.go.jp/stat-search/file-download?statInfId=000040391290&fileKind=0,raw/energy/energy-balance-2024-simple.xlsx,816d7d3e5933ffe94b0cbd7b47fa7fa232fb98fbed2a610f4928c4aa7a2d2008,2026-09-22T09:55:19.162995+00:00,https://www.e-stat.go.jp/terms-of-use,e-Stat利用規約および提供元の利用条件に従う。出典・加工の明示が必要。,エネルギー動向2025年6月版 第1章 国内エネルギー動向。2026年4月14日改訂系列は白書掲載時点と異なる。,年度は4月〜翌年3月。エネルギー単位表は高位発熱量・TJ。低位発熱量のIEA準拠自給率と異なる。
energy-balance-2023,総合エネルギー統計 2023年度 簡易表,資源エネルギー庁（e-Stat掲載）,2023年度・2026-04-14改訂,xlsx,downloaded,https://www.e-stat.go.jp/stat-search/file-download?statInfId=000040226474&fileKind=0,https://www.e-stat.go.jp/stat-search/file-download?statInfId=000040226474&fileKind=0,raw/energy/energy-balance-2023-simple.xlsx,42c29802a859eeea3123ac87e2b948303c6be30bfd5d362747bde5d72f92d1ed,2026-09-22T09:55:19.566375+00:00,https://www.e-stat.go.jp/terms-of-use,e-Stat利用規約および提供元の利用条件に従う。出典・加工の明示が必要。,エネルギー動向2025年6月版 第1章 国内エネルギー動向。2026年4月14日改訂系列は白書掲載時点と異なる。,年度は4月〜翌年3月。エネルギー単位表は高位発熱量・TJ。低位発熱量のIEA準拠自給率と異なる。
energy-balance-2022,総合エネルギー統計 2022年度 簡易表,資源エネルギー庁（e-Stat掲載）,2022年度・2026-04-14改訂,xlsx,downloaded,https://www.e-stat.go.jp/stat-search/file-download?statInfId=000040125366&fileKind=0,https://www.e-stat.go.jp/stat-search/file-download?statInfId=000040125366&fileKind=0,raw/energy/energy-balance-2022-simple.xlsx,0f220e15f60edbbd0e6879e6c92a40ce2ba40319f0d2a2c9bb74edb8af850ba4,2026-09-22T09:55:19.599564+00:00,https://www.e-stat.go.jp/terms-of-use,e-Stat利用規約および提供元の利用条件に従う。出典・加工の明示が必要。,エネルギー動向2025年6月版 第1章 国内エネルギー動向。2026年4月14日改訂系列は白書掲載時点と異なる。,年度は4月〜翌年3月。エネルギー単位表は高位発熱量・TJ。低位発熱量のIEA準拠自給率と異なる。
energy-balance-2021,総合エネルギー統計 2021年度 簡易表,資源エネルギー庁（e-Stat掲載）,2021年度・2026-04-14改訂,xlsx,downloaded,https://www.e-stat.go.jp/stat-search/file-download?statInfId=000040054160&fileKind=0,https://www.e-stat.go.jp/stat-search/file-download?statInfId=000040054160&fileKind=0,raw/energy/energy-balance-2021-simple.xlsx,53d299bec9e9beb4163f7a25074cae59c46dd19387f4f21b7313007c25b4a266,2026-09-22T09:55:19.551139+00:00,https://www.e-stat.go.jp/terms-of-use,e-Stat利用規約および提供元の利用条件に従う。出典・加工の明示が必要。,エネルギー動向2025年6月版 第1章 国内エネルギー動向。2026年4月14日改訂系列は白書掲載時点と異なる。,年度は4月〜翌年3月。エネルギー単位表は高位発熱量・TJ。低位発熱量のIEA準拠自給率と異なる。
energy-balance-2020,総合エネルギー統計 2020年度 簡易表,資源エネルギー庁（e-Stat掲載）,2020年度・2026-04-14改訂,xlsx,downloaded,https://www.e-stat.go.jp/stat-search/file-download?statInfId=000032190958&fileKind=0,https://www.e-stat.go.jp/stat-search/file-download?statInfId=000032190958&fileKind=0,raw/energy/energy-balance-2020-simple.xlsx,5a1e753de3cc74e311a864d6d1aaa4997689f2b978e8768410db598f81f61e7c,2026-09-22T09:55:19.562357+00:00,https://www.e-stat.go.jp/terms-of-use,e-Stat利用規約および提供元の利用条件に従う。出典・加工の明示が必要。,エネルギー動向2025年6月版 第1章 国内エネルギー動向。2026年4月14日改訂系列は白書掲載時点と異なる。,年度は4月〜翌年3月。エネルギー単位表は高位発熱量・TJ。低位発熱量のIEA準拠自給率と異なる。
energy-balance-2019,総合エネルギー統計 2019年度 簡易表,資源エネルギー庁（e-Stat掲載）,2019年度・2026-04-14改訂,xlsx,downloaded,https://www.e-stat.go.jp/stat-search/file-download?statInfId=000032039650&fileKind=0,https://www.e-stat.go.jp/stat-search/file-download?statInfId=000032039650&fileKind=0,raw/energy/energy-balance-2019-simple.xlsx,f751bf3b6f30a7bf685d69a11fd4d63ec1f06ddad78805a1a9b6ff8150adab65,2026-09-22T09:55:19.938006+00:00,https://www.e-stat.go.jp/terms-of-use,e-Stat利用規約および提供元の利用条件に従う。出典・加工の明示が必要。,エネルギー動向2025年6月版 第1章 国内エネルギー動向。2026年4月14日改訂系列は白書掲載時点と異なる。,年度は4月〜翌年3月。エネルギー単位表は高位発熱量・TJ。低位発熱量のIEA準拠自給率と異なる。
energy-balance-2018,総合エネルギー統計 2018年度 簡易表,資源エネルギー庁（e-Stat掲載）,2018年度・2026-04-14改訂,xlsx,downloaded,https://www.e-stat.go.jp/stat-search/file-download?statInfId=000031964212&fileKind=0,https://www.e-stat.go.jp/stat-search/file-download?statInfId=000031964212&fileKind=0,raw/energy/energy-balance-2018-simple.xlsx,1d5cfc01375d816f5f6903d2d638aec523566ba69eb24a28b79d08286772f86f,2026-09-22T09:55:19.945296+00:00,https://www.e-stat.go.jp/terms-of-use,e-Stat利用規約および提供元の利用条件に従う。出典・加工の明示が必要。,エネルギー動向2025年6月版 第1章 国内エネルギー動向。2026年4月14日改訂系列は白書掲載時点と異なる。,年度は4月〜翌年3月。エネルギー単位表は高位発熱量・TJ。低位発熱量のIEA準拠自給率と異なる。
energy-balance-2017,総合エネルギー統計 2017年度 簡易表,資源エネルギー庁（e-Stat掲載）,2017年度・2026-04-14改訂,xlsx,downloaded,https://www.e-stat.go.jp/stat-search/file-download?statInfId=000040188181&fileKind=0,https://www.e-stat.go.jp/stat-search/file-download?statInfId=000040188181&fileKind=0,raw/energy/energy-balance-2017-simple.xlsx,10a4333904575931360126569b051e17ab249272ead922fa0545a6dc8b5ca980,2026-09-22T09:55:19.957423+00:00,https://www.e-stat.go.jp/terms-of-use,e-Stat利用規約および提供元の利用条件に従う。出典・加工の明示が必要。,エネルギー動向2025年6月版 第1章 国内エネルギー動向。2026年4月14日改訂系列は白書掲載時点と異なる。,年度は4月〜翌年3月。エネルギー単位表は高位発熱量・TJ。低位発熱量のIEA準拠自給率と異なる。
energy-balance-2016,総合エネルギー統計 2016年度 簡易表,資源エネルギー庁（e-Stat掲載）,2016年度・2026-04-14改訂,xlsx,downloaded,https://www.e-stat.go.jp/stat-search/file-download?statInfId=000040188183&fileKind=0,https://www.e-stat.go.jp/stat-search/file-download?statInfId=000040188183&fileKind=0,raw/energy/energy-balance-2016-simple.xlsx,9bb42e93fbf7f03925173a7b02ada727717ca7f82670fd904d6ee33a7caf5f0c,2026-09-22T09:55:20.032124+00:00,https://www.e-stat.go.jp/terms-of-use,e-Stat利用規約および提供元の利用条件に従う。出典・加工の明示が必要。,エネルギー動向2025年6月版 第1章 国内エネルギー動向。2026年4月14日改訂系列は白書掲載時点と異なる。,年度は4月〜翌年3月。エネルギー単位表は高位発熱量・TJ。低位発熱量のIEA準拠自給率と異なる。
energy-balance-2015,総合エネルギー統計 2015年度 簡易表,資源エネルギー庁（e-Stat掲載）,2015年度・2026-04-14改訂,xlsx,downloaded,https://www.e-stat.go.jp/stat-search/file-download?statInfId=000040188185&fileKind=0,https://www.e-stat.go.jp/stat-search/file-download?statInfId=000040188185&fileKind=0,raw/energy/energy-balance-2015-simple.xlsx,520bf4073007eb1f8b975a38c2083cbf534b4a50f9e3d7714eccd3ed274b6e8e,2026-09-22T09:55:20.323260+00:00,https://www.e-stat.go.jp/terms-of-use,e-Stat利用規約および提供元の利用条件に従う。出典・加工の明示が必要。,エネルギー動向2025年6月版 第1章 国内エネルギー動向。2026年4月14日改訂系列は白書掲載時点と異なる。,年度は4月〜翌年3月。エネルギー単位表は高位発熱量・TJ。低位発熱量のIEA準拠自給率と異なる。
energy-balance-2014,総合エネルギー統計 2014年度 簡易表,資源エネルギー庁（e-Stat掲載）,2014年度・2026-04-14改訂,xlsx,downloaded,https://www.e-stat.go.jp/stat-search/file-download?statInfId=000040188189&fileKind=0,https://www.e-stat.go.jp/stat-search/file-download?statInfId=000040188189&fileKind=0,raw/energy/energy-balance-2014-simple.xlsx,3e89d6a3c34f49df938c51b23f3b200e1471a636df6e26d30e841547ad241729,2026-09-22T09:55:20.317605+00:00,https://www.e-stat.go.jp/terms-of-use,e-Stat利用規約および提供元の利用条件に従う。出典・加工の明示が必要。,エネルギー動向2025年6月版 第1章 国内エネルギー動向。2026年4月14日改訂系列は白書掲載時点と異なる。,年度は4月〜翌年3月。エネルギー単位表は高位発熱量・TJ。低位発熱量のIEA準拠自給率と異なる。
energy-balance-2013,総合エネルギー統計 2013年度 簡易表,資源エネルギー庁（e-Stat掲載）,2013年度・2026-04-14改訂,xlsx,downloaded,https://www.e-stat.go.jp/stat-search/file-download?statInfId=000040188190&fileKind=0,https://www.e-stat.go.jp/stat-search/file-download?statInfId=000040188190&fileKind=0,raw/energy/energy-balance-2013-simple.xlsx,db238adf8d707146f6778a9e14e2c9c6ac00b6349599832c56f1cd51d4f0fda3,2026-09-22T09:55:20.376428+00:00,https://www.e-stat.go.jp/terms-of-use,e-Stat利用規約および提供元の利用条件に従う。出典・加工の明示が必要。,エネルギー動向2025年6月版 第1章 国内エネルギー動向。2026年4月14日改訂系列は白書掲載時点と異なる。,年度は4月〜翌年3月。エネルギー単位表は高位発熱量・TJ。低位発熱量のIEA準拠自給率と異なる。
energy-balance-2012,総合エネルギー統計 2012年度 簡易表,資源エネルギー庁（e-Stat掲載）,2012年度・2026-04-14改訂,xlsx,downloaded,https://www.e-stat.go.jp/stat-search/file-download?statInfId=000040188193&fileKind=0,https://www.e-stat.go.jp/stat-search/file-download?statInfId=000040188193&fileKind=0,raw/energy/energy-balance-2012-simple.xlsx,f5a6246a46476d4ea67899a4e2ed61426a988fc15d4824daee8fa4d6ffcefb12,2026-09-22T09:55:20.410551+00:00,https://www.e-stat.go.jp/terms-of-use,e-Stat利用規約および提供元の利用条件に従う。出典・加工の明示が必要。,エネルギー動向2025年6月版 第1章 国内エネルギー動向。2026年4月14日改訂系列は白書掲載時点と異なる。,年度は4月〜翌年3月。エネルギー単位表は高位発熱量・TJ。低位発熱量のIEA準拠自給率と異なる。
energy-balance-2011,総合エネルギー統計 2011年度 簡易表,資源エネルギー庁（e-Stat掲載）,2011年度・2026-04-14改訂,xlsx,downloaded,https://www.e-stat.go.jp/stat-search/file-download?statInfId=000040188195&fileKind=0,https://www.e-stat.go.jp/stat-search/file-download?statInfId=000040188195&fileKind=0,raw/energy/energy-balance-2011-simple.xlsx,2bd18f82de1783c16f157bc5dfa77dd4f70eaecb3b99e0344d1cc0f05a66d7d0,2026-09-22T09:55:20.721321+00:00,https://www.e-stat.go.jp/terms-of-use,e-Stat利用規約および提供元の利用条件に従う。出典・加工の明示が必要。,エネルギー動向2025年6月版 第1章 国内エネルギー動向。2026年4月14日改訂系列は白書掲載時点と異なる。,年度は4月〜翌年3月。エネルギー単位表は高位発熱量・TJ。低位発熱量のIEA準拠自給率と異なる。
energy-balance-2010,総合エネルギー統計 2010年度 簡易表,資源エネルギー庁（e-Stat掲載）,2010年度・2026-04-14改訂,xlsx,downloaded,https://www.e-stat.go.jp/stat-search/file-download?statInfId=000040189526&fileKind=0,https://www.e-stat.go.jp/stat-search/file-download?statInfId=000040189526&fileKind=0,raw/energy/energy-balance-2010-simple.xlsx,ff585fa099c3b8d74ee0c54f28c9997d4886b3a1e2d68ac90550b1bf2dc29c27,2026-09-22T09:55:20.713758+00:00,https://www.e-stat.go.jp/terms-of-use,e-Stat利用規約および提供元の利用条件に従う。出典・加工の明示が必要。,エネルギー動向2025年6月版 第1章 国内エネルギー動向。2026年4月14日改訂系列は白書掲載時点と異なる。,年度は4月〜翌年3月。エネルギー単位表は高位発熱量・TJ。低位発熱量のIEA準拠自給率と異なる。
energy-balance-2009,総合エネルギー統計 2009年度 簡易表,資源エネルギー庁（e-Stat掲載）,2009年度・2026-04-14改訂,xlsx,downloaded,https://www.e-stat.go.jp/stat-search/file-download?statInfId=000040188260&fileKind=0,https://www.e-stat.go.jp/stat-search/file-download?statInfId=000040188260&fileKind=0,raw/energy/energy-balance-2009-simple.xlsx,e35aac7d53156c76b937be8f5fc1939ba6ca913ddc15d2e309c103121bc49589,2026-09-22T09:55:20.808463+00:00,https://www.e-stat.go.jp/terms-of-use,e-Stat利用規約および提供元の利用条件に従う。出典・加工の明示が必要。,エネルギー動向2025年6月版 第1章 国内エネルギー動向。2026年4月14日改訂系列は白書掲載時点と異なる。,年度は4月〜翌年3月。エネルギー単位表は高位発熱量・TJ。低位発熱量のIEA準拠自給率と異なる。
energy-balance-2008,総合エネルギー統計 2008年度 簡易表,資源エネルギー庁（e-Stat掲載）,2008年度・2026-04-14改訂,xlsx,downloaded,https://www.e-stat.go.jp/stat-search/file-download?statInfId=000040189521&fileKind=0,https://www.e-stat.go.jp/stat-search/file-download?statInfId=000040189521&fileKind=0,raw/energy/energy-balance-2008-simple.xlsx,639d093ec9c99acd11285bba3b96bcd1633188db4df0ee030bc914f9d1d89b24,2026-09-22T09:55:20.777618+00:00,https://www.e-stat.go.jp/terms-of-use,e-Stat利用規約および提供元の利用条件に従う。出典・加工の明示が必要。,エネルギー動向2025年6月版 第1章 国内エネルギー動向。2026年4月14日改訂系列は白書掲載時点と異なる。,年度は4月〜翌年3月。エネルギー単位表は高位発熱量・TJ。低位発熱量のIEA準拠自給率と異なる。
energy-balance-2007,総合エネルギー統計 2007年度 簡易表,資源エネルギー庁（e-Stat掲載）,2007年度・2026-04-14改訂,xlsx,downloaded,https://www.e-stat.go.jp/stat-search/file-download?statInfId=000040189522&fileKind=0,https://www.e-stat.go.jp/stat-search/file-download?statInfId=000040189522&fileKind=0,raw/energy/energy-balance-2007-simple.xlsx,42935e6943f515b9f249348a49cb2f85ba0ab997e1b9f92a462c5167de54c07a,2026-09-22T09:55:21.096647+00:00,https://www.e-stat.go.jp/terms-of-use,e-Stat利用規約および提供元の利用条件に従う。出典・加工の明示が必要。,エネルギー動向2025年6月版 第1章 国内エネルギー動向。2026年4月14日改訂系列は白書掲載時点と異なる。,年度は4月〜翌年3月。エネルギー単位表は高位発熱量・TJ。低位発熱量のIEA準拠自給率と異なる。
energy-balance-2006,総合エネルギー統計 2006年度 簡易表,資源エネルギー庁（e-Stat掲載）,2006年度・2026-04-14改訂,xlsx,downloaded,https://www.e-stat.go.jp/stat-search/file-download?statInfId=000040189525&fileKind=0,https://www.e-stat.go.jp/stat-search/file-download?statInfId=000040189525&fileKind=0,raw/energy/energy-balance-2006-simple.xlsx,efe5481c23c82bd60a1f94d443c1180c486295636d71316a34843b3e73e853ab,2026-09-22T09:55:21.120364+00:00,https://www.e-stat.go.jp/terms-of-use,e-Stat利用規約および提供元の利用条件に従う。出典・加工の明示が必要。,エネルギー動向2025年6月版 第1章 国内エネルギー動向。2026年4月14日改訂系列は白書掲載時点と異なる。,年度は4月〜翌年3月。エネルギー単位表は高位発熱量・TJ。低位発熱量のIEA準拠自給率と異なる。
energy-balance-2005,総合エネルギー統計 2005年度 簡易表,資源エネルギー庁（e-Stat掲載）,2005年度・2026-04-14改訂,xlsx,downloaded,https://www.e-stat.go.jp/stat-search/file-download?statInfId=000040189529&fileKind=0,https://www.e-stat.go.jp/stat-search/file-download?statInfId=000040189529&fileKind=0,raw/energy/energy-balance-2005-simple.xlsx,2a79f51e19f164fe7419776309b0cdbd5928466db08771a2d6a6b2df7c459b9f,2026-09-22T09:55:21.216610+00:00,https://www.e-stat.go.jp/terms-of-use,e-Stat利用規約および提供元の利用条件に従う。出典・加工の明示が必要。,エネルギー動向2025年6月版 第1章 国内エネルギー動向。2026年4月14日改訂系列は白書掲載時点と異なる。,年度は4月〜翌年3月。エネルギー単位表は高位発熱量・TJ。低位発熱量のIEA準拠自給率と異なる。
energy-balance-2004,総合エネルギー統計 2004年度 簡易表,資源エネルギー庁（e-Stat掲載）,2004年度・2026-04-14改訂,xlsx,downloaded,https://www.e-stat.go.jp/stat-search/file-download?statInfId=000040189530&fileKind=0,https://www.e-stat.go.jp/stat-search/file-download?statInfId=000040189530&fileKind=0,raw/energy/energy-balance-2004-simple.xlsx,1ddbb4ff2db90f412c40f147162e1e6aaee958d85369af37a445376bf8bd012e,2026-09-22T09:55:21.216039+00:00,https://www.e-stat.go.jp/terms-of-use,e-Stat利用規約および提供元の利用条件に従う。出典・加工の明示が必要。,エネルギー動向2025年6月版 第1章 国内エネルギー動向。2026年4月14日改訂系列は白書掲載時点と異なる。,年度は4月〜翌年3月。エネルギー単位表は高位発熱量・TJ。低位発熱量のIEA準拠自給率と異なる。
energy-balance-2003,総合エネルギー統計 2003年度 簡易表,資源エネルギー庁（e-Stat掲載）,2003年度・2026-04-14改訂,xlsx,downloaded,https://www.e-stat.go.jp/stat-search/file-download?statInfId=000040189534&fileKind=0,https://www.e-stat.go.jp/stat-search/file-download?statInfId=000040189534&fileKind=0,raw/energy/energy-balance-2003-simple.xlsx,f6fd467b86f92e1ba24c619175f993a55cbd3e5510638968eb1562fb51ab9189,2026-09-22T09:55:21.476348+00:00,https://www.e-stat.go.jp/terms-of-use,e-Stat利用規約および提供元の利用条件に従う。出典・加工の明示が必要。,エネルギー動向2025年6月版 第1章 国内エネルギー動向。2026年4月14日改訂系列は白書掲載時点と異なる。,年度は4月〜翌年3月。エネルギー単位表は高位発熱量・TJ。低位発熱量のIEA準拠自給率と異なる。
energy-balance-2002,総合エネルギー統計 2002年度 簡易表,資源エネルギー庁（e-Stat掲載）,2002年度・2026-04-14改訂,xlsx,downloaded,https://www.e-stat.go.jp/stat-search/file-download?statInfId=000040189535&fileKind=0,https://www.e-stat.go.jp/stat-search/file-download?statInfId=000040189535&fileKind=0,raw/energy/energy-balance-2002-simple.xlsx,aa53cb383a6317bf121bc608048e6aa50a87c606ec0fb61543e797920d1be8e0,2026-09-22T09:55:21.619957+00:00,https://www.e-stat.go.jp/terms-of-use,e-Stat利用規約および提供元の利用条件に従う。出典・加工の明示が必要。,エネルギー動向2025年6月版 第1章 国内エネルギー動向。2026年4月14日改訂系列は白書掲載時点と異なる。,年度は4月〜翌年3月。エネルギー単位表は高位発熱量・TJ。低位発熱量のIEA準拠自給率と異なる。
energy-balance-2001,総合エネルギー統計 2001年度 簡易表,資源エネルギー庁（e-Stat掲載）,2001年度・2026-04-14改訂,xlsx,downloaded,https://www.e-stat.go.jp/stat-search/file-download?statInfId=000040189537&fileKind=0,https://www.e-stat.go.jp/stat-search/file-download?statInfId=000040189537&fileKind=0,raw/energy/energy-balance-2001-simple.xlsx,fa817da3929bd5d995eefdf8fdfd24ed5274d282f459a8e4e3aa8e38f17c835d,2026-09-22T09:55:21.646711+00:00,https://www.e-stat.go.jp/terms-of-use,e-Stat利用規約および提供元の利用条件に従う。出典・加工の明示が必要。,エネルギー動向2025年6月版 第1章 国内エネルギー動向。2026年4月14日改訂系列は白書掲載時点と異なる。,年度は4月〜翌年3月。エネルギー単位表は高位発熱量・TJ。低位発熱量のIEA準拠自給率と異なる。
energy-balance-2000,総合エネルギー統計 2000年度 簡易表,資源エネルギー庁（e-Stat掲載）,2000年度・2026-04-14改訂,xlsx,downloaded,https://www.e-stat.go.jp/stat-search/file-download?statInfId=000040189539&fileKind=0,https://www.e-stat.go.jp/stat-search/file-download?statInfId=000040189539&fileKind=0,raw/energy/energy-balance-2000-simple.xlsx,8ae5e60815f9e09aa902cf85cbb12e15004251924328105e966aefe026e24202,2026-09-22T09:55:21.665892+00:00,https://www.e-stat.go.jp/terms-of-use,e-Stat利用規約および提供元の利用条件に従う。出典・加工の明示が必要。,エネルギー動向2025年6月版 第1章 国内エネルギー動向。2026年4月14日改訂系列は白書掲載時点と異なる。,年度は4月〜翌年3月。エネルギー単位表は高位発熱量・TJ。低位発熱量のIEA準拠自給率と異なる。
energy-balance-1999,総合エネルギー統計 1999年度 簡易表,資源エネルギー庁（e-Stat掲載）,1999年度・2026-04-14改訂,xlsx,downloaded,https://www.e-stat.go.jp/stat-search/file-download?statInfId=000040189621&fileKind=0,https://www.e-stat.go.jp/stat-search/file-download?statInfId=000040189621&fileKind=0,raw/energy/energy-balance-1999-simple.xlsx,1a546a66545cfb9f7a3fe71a234a66289ad62019a0892f52d2b794ac5a4eea77,2026-09-22T09:55:21.945067+00:00,https://www.e-stat.go.jp/terms-of-use,e-Stat利用規約および提供元の利用条件に従う。出典・加工の明示が必要。,エネルギー動向2025年6月版 第1章 国内エネルギー動向。2026年4月14日改訂系列は白書掲載時点と異なる。,年度は4月〜翌年3月。エネルギー単位表は高位発熱量・TJ。低位発熱量のIEA準拠自給率と異なる。
energy-balance-1998,総合エネルギー統計 1998年度 簡易表,資源エネルギー庁（e-Stat掲載）,1998年度・2026-04-14改訂,xlsx,downloaded,https://www.e-stat.go.jp/stat-search/file-download?statInfId=000040189623&fileKind=0,https://www.e-stat.go.jp/stat-search/file-download?statInfId=000040189623&fileKind=0,raw/energy/energy-balance-1998-simple.xlsx,88ec0d73a85b5a5ed20de3fc9014c4895e61ef5e9a58a75c7e074f6e345a399f,2026-09-22T09:55:22.078361+00:00,https://www.e-stat.go.jp/terms-of-use,e-Stat利用規約および提供元の利用条件に従う。出典・加工の明示が必要。,エネルギー動向2025年6月版 第1章 国内エネルギー動向。2026年4月14日改訂系列は白書掲載時点と異なる。,年度は4月〜翌年3月。エネルギー単位表は高位発熱量・TJ。低位発熱量のIEA準拠自給率と異なる。
energy-balance-1997,総合エネルギー統計 1997年度 簡易表,資源エネルギー庁（e-Stat掲載）,1997年度・2026-04-14改訂,xlsx,downloaded,https://www.e-stat.go.jp/stat-search/file-download?statInfId=000040189625&fileKind=0,https://www.e-stat.go.jp/stat-search/file-download?statInfId=000040189625&fileKind=0,raw/energy/energy-balance-1997-simple.xlsx,ff7945f1fbda575d5cbba5359b692901800560cf2c615ccebdee176dc8ca48bf,2026-09-22T09:55:22.106156+00:00,https://www.e-stat.go.jp/terms-of-use,e-Stat利用規約および提供元の利用条件に従う。出典・加工の明示が必要。,エネルギー動向2025年6月版 第1章 国内エネルギー動向。2026年4月14日改訂系列は白書掲載時点と異なる。,年度は4月〜翌年3月。エネルギー単位表は高位発熱量・TJ。低位発熱量のIEA準拠自給率と異なる。
energy-balance-1996,総合エネルギー統計 1996年度 簡易表,資源エネルギー庁（e-Stat掲載）,1996年度・2026-04-14改訂,xlsx,downloaded,https://www.e-stat.go.jp/stat-search/file-download?statInfId=000040189627&fileKind=0,https://www.e-stat.go.jp/stat-search/file-download?statInfId=000040189627&fileKind=0,raw/energy/energy-balance-1996-simple.xlsx,991fcfc219d7583fd88ec3ebbe412f93e38b87db5cc199e63061fa53bacf4950,2026-09-22T09:55:22.096052+00:00,https://www.e-stat.go.jp/terms-of-use,e-Stat利用規約および提供元の利用条件に従う。出典・加工の明示が必要。,エネルギー動向2025年6月版 第1章 国内エネルギー動向。2026年4月14日改訂系列は白書掲載時点と異なる。,年度は4月〜翌年3月。エネルギー単位表は高位発熱量・TJ。低位発熱量のIEA準拠自給率と異なる。
energy-balance-1995,総合エネルギー統計 1995年度 簡易表,資源エネルギー庁（e-Stat掲載）,1995年度・2026-04-14改訂,xlsx,downloaded,https://www.e-stat.go.jp/stat-search/file-download?statInfId=000040189630&fileKind=0,https://www.e-stat.go.jp/stat-search/file-download?statInfId=000040189630&fileKind=0,raw/energy/energy-balance-1995-simple.xlsx,d2510f4a816029b3743bb36ac6b5f7dbbeca3edc7982c332de91685c980082ab,2026-09-22T09:55:22.883470+00:00,https://www.e-stat.go.jp/terms-of-use,e-Stat利用規約および提供元の利用条件に従う。出典・加工の明示が必要。,エネルギー動向2025年6月版 第1章 国内エネルギー動向。2026年4月14日改訂系列は白書掲載時点と異なる。,年度は4月〜翌年3月。エネルギー単位表は高位発熱量・TJ。低位発熱量のIEA準拠自給率と異なる。 e-Statの一覧名は簡易表だが実ファイルは詳細表（表内確認済）。名称不整合を保持し、正規化は明示的な行・列コードで処理。
energy-balance-1994,総合エネルギー統計 1994年度 簡易表,資源エネルギー庁（e-Stat掲載）,1994年度・2026-04-14改訂,xlsx,downloaded,https://www.e-stat.go.jp/stat-search/file-download?statInfId=000040189632&fileKind=0,https://www.e-stat.go.jp/stat-search/file-download?statInfId=000040189632&fileKind=0,raw/energy/energy-balance-1994-simple.xlsx,3217bbc285c28d78b3d79935f84ba87f4720670e130b479acc2117b78c7387f0,2026-09-22T09:55:23.210665+00:00,https://www.e-stat.go.jp/terms-of-use,e-Stat利用規約および提供元の利用条件に従う。出典・加工の明示が必要。,エネルギー動向2025年6月版 第1章 国内エネルギー動向。2026年4月14日改訂系列は白書掲載時点と異なる。,年度は4月〜翌年3月。エネルギー単位表は高位発熱量・TJ。低位発熱量のIEA準拠自給率と異なる。 e-Statの一覧名は簡易表だが実ファイルは詳細表（表内確認済）。名称不整合を保持し、正規化は明示的な行・列コードで処理。
energy-balance-1993,総合エネルギー統計 1993年度 簡易表,資源エネルギー庁（e-Stat掲載）,1993年度・2026-04-14改訂,xlsx,downloaded,https://www.e-stat.go.jp/stat-search/file-download?statInfId=000040190722&fileKind=0,https://www.e-stat.go.jp/stat-search/file-download?statInfId=000040190722&fileKind=0,raw/energy/energy-balance-1993-simple.xlsx,67bc3c6c905b9e358b3d9d5705b34a77e5652499648c3e458354bd311ae92f97,2026-09-22T09:55:22.648362+00:00,https://www.e-stat.go.jp/terms-of-use,e-Stat利用規約および提供元の利用条件に従う。出典・加工の明示が必要。,エネルギー動向2025年6月版 第1章 国内エネルギー動向。2026年4月14日改訂系列は白書掲載時点と異なる。,年度は4月〜翌年3月。エネルギー単位表は高位発熱量・TJ。低位発熱量のIEA準拠自給率と異なる。
energy-balance-1992,総合エネルギー統計 1992年度 簡易表,資源エネルギー庁（e-Stat掲載）,1992年度・2026-04-14改訂,xlsx,downloaded,https://www.e-stat.go.jp/stat-search/file-download?statInfId=000040190724&fileKind=0,https://www.e-stat.go.jp/stat-search/file-download?statInfId=000040190724&fileKind=0,raw/energy/energy-balance-1992-simple.xlsx,e09a0ae263f84e29601ed0c1f9aa6396626a1fae66ada455e59875a231c34b6c,2026-09-22T09:55:22.649046+00:00,https://www.e-stat.go.jp/terms-of-use,e-Stat利用規約および提供元の利用条件に従う。出典・加工の明示が必要。,エネルギー動向2025年6月版 第1章 国内エネルギー動向。2026年4月14日改訂系列は白書掲載時点と異なる。,年度は4月〜翌年3月。エネルギー単位表は高位発熱量・TJ。低位発熱量のIEA準拠自給率と異なる。
energy-balance-1991,総合エネルギー統計 1991年度 簡易表,資源エネルギー庁（e-Stat掲載）,1991年度・2026-04-14改訂,xlsx,downloaded,https://www.e-stat.go.jp/stat-search/file-download?statInfId=000040190726&fileKind=0,https://www.e-stat.go.jp/stat-search/file-download?statInfId=000040190726&fileKind=0,raw/energy/energy-balance-1991-simple.xlsx,b6e14dd390ab21d484e2fe956b77555a45eb5868f87023ae6caa91f8cf41e822,2026-09-22T09:55:23.262329+00:00,https://www.e-stat.go.jp/terms-of-use,e-Stat利用規約および提供元の利用条件に従う。出典・加工の明示が必要。,エネルギー動向2025年6月版 第1章 国内エネルギー動向。2026年4月14日改訂系列は白書掲載時点と異なる。,年度は4月〜翌年3月。エネルギー単位表は高位発熱量・TJ。低位発熱量のIEA準拠自給率と異なる。
energy-balance-1990,総合エネルギー統計 1990年度 簡易表,資源エネルギー庁（e-Stat掲載）,1990年度・2026-04-14改訂,xlsx,downloaded,https://www.e-stat.go.jp/stat-search/file-download?statInfId=000040190728&fileKind=0,https://www.e-stat.go.jp/stat-search/file-download?statInfId=000040190728&fileKind=0,raw/energy/energy-balance-1990-simple.xlsx,859c44a1cbbfa9a1ec305783534a32a631b7ea4e0338c781638858bb7ce7539c,2026-09-22T09:55:23.145880+00:00,https://www.e-stat.go.jp/terms-of-use,e-Stat利用規約および提供元の利用条件に従う。出典・加工の明示が必要。,エネルギー動向2025年6月版 第1章 国内エネルギー動向。2026年4月14日改訂系列は白書掲載時点と異なる。,年度は4月〜翌年3月。エネルギー単位表は高位発熱量・TJ。低位発熱量のIEA準拠自給率と異なる。
energy-balance-2024-full,総合エネルギー統計 2024年度 本表,資源エネルギー庁（e-Stat掲載）,2024年度・2026-04-14改訂,xlsx,downloaded,https://www.e-stat.go.jp/stat-search/file-download?statInfId=000040445051&fileKind=0,https://www.e-stat.go.jp/stat-search/file-download?statInfId=000040445051&fileKind=0,raw/energy/energy-balance-2024.xlsx,d05d4aa10581bc4e5a4f000c1257484e9a8241938f5bccbe43937b5a4e0c2980,2026-09-22T09:55:23.262675+00:00,https://www.e-stat.go.jp/terms-of-use,e-Stat利用規約および提供元の利用条件に従う。出典・加工の明示が必要。,エネルギー動向2025年6月版 第1章 国内エネルギー動向。2026年4月14日改訂系列は白書掲載時点と異なる。,
energy-supply-demand-2024-summary,2024年度エネルギー需給実績（確報）概要,経済産業省・資源エネルギー庁,2024年度・2026-04-14公表,pdf,downloaded,https://www.e-stat.go.jp/stat-search/file-download?statInfId=000040391289&fileKind=2,https://www.e-stat.go.jp/stat-search/file-download?statInfId=000040391289&fileKind=2,raw/energy/energy-supply-demand-2024-summary.pdf,bd6f33b998aa00897692cec5e90a3906b98935733edbdba0a472742f994f8d7f,2026-09-22T10:03:15.061268+00:00,https://www.enecho.meti.go.jp/about/linksto_thissite/,資源エネルギー庁サイト利用規約は特記がなければPDL1.0。第三者の権利・独自利用条件を別途確認。,エネルギー動向2025年6月版第1章の更新検証に使う原統計,e-Stat公式配布経由で取得。11ページ。白書2025後の統計改訂版。
energy-graphic-page-2,最終エネルギー消費（公式PDF2頁）,経済産業省・資源エネルギー庁,2024年度・2026-04-14公表,png,derived_from_downloaded_pdf,https://www.e-stat.go.jp/stat-search/file-download?statInfId=000040391289&fileKind=2,https://www.e-stat.go.jp/stat-search/file-download?statInfId=000040391289&fileKind=2,assets/energy/official-final-consumption-p02.png,5e261308ac3d3a04c234af64d8dab1d1b03dfdb3e0094925db8b0346f1c4cf5d,2026-09-22T10:03:15.061268+00:00,https://www.enecho.meti.go.jp/about/linksto_thissite/,資源エネルギー庁サイト利用規約は特記がなければPDL1.0。第三者の権利・独自利用条件を別途確認。,原PDF 2頁,原PDFの2頁全体をpdftoppmでPNG化（長辺1800px）。図表と注記を保持。出典:資源エネルギー庁「2024年度エネルギー需給実績（確報）概要」。Webへの掲載時は画像化したことを明示し、可能ならCSVから再描画する。
energy-graphic-page-6,一次エネルギー国内供給（公式PDF6頁）,経済産業省・資源エネルギー庁,2024年度・2026-04-14公表,png,derived_from_downloaded_pdf,https://www.e-stat.go.jp/stat-search/file-download?statInfId=000040391289&fileKind=2,https://www.e-stat.go.jp/stat-search/file-download?statInfId=000040391289&fileKind=2,assets/energy/official-primary-supply-06.png,b7ac7d93fb036849bae318280e7060b67744d3373259ed526c8fb02b30c254e7,2026-09-22T10:03:15.061268+00:00,https://www.enecho.meti.go.jp/about/linksto_thissite/,資源エネルギー庁サイト利用規約は特記がなければPDL1.0。第三者の権利・独自利用条件を別途確認。,原PDF 6頁,原PDFの6頁全体をpdftoppmでPNG化（長辺1800px）。図表と注記を保持。出典:資源エネルギー庁「2024年度エネルギー需給実績（確報）概要」。Webへの掲載時は画像化したことを明示し、可能ならCSVから再描画する。
energy-graphic-page-7,効率・自給率・化石依存度（公式PDF7頁）,経済産業省・資源エネルギー庁,2024年度・2026-04-14公表,png,derived_from_downloaded_pdf,https://www.e-stat.go.jp/stat-search/file-download?statInfId=000040391289&fileKind=2,https://www.e-stat.go.jp/stat-search/file-download?statInfId=000040391289&fileKind=2,assets/energy/official-primary-supply-07.png,e525b15fa48e8e0b3ca15fd8fbd8081a73b95f37dce913035283e44f6ed05f11,2026-09-22T10:03:15.061268+00:00,https://www.enecho.meti.go.jp/about/linksto_thissite/,資源エネルギー庁サイト利用規約は特記がなければPDL1.0。第三者の権利・独自利用条件を別途確認。,原PDF 7頁,原PDFの7頁全体をpdftoppmでPNG化（長辺1800px）。図表と注記を保持。出典:資源エネルギー庁「2024年度エネルギー需給実績（確報）概要」。Webへの掲載時は画像化したことを明示し、可能ならCSVから再描画する。
energy-supply-summary-text,公式PDFテキスト抽出,経済産業省・資源エネルギー庁,2024年度・2026-04-14公表,txt,derived_from_downloaded_pdf,https://www.e-stat.go.jp/stat-search/file-download?statInfId=000040391289&fileKind=2,https://www.e-stat.go.jp/stat-search/file-download?statInfId=000040391289&fileKind=2,raw/energy/energy-supply-demand-2024-summary.txt,42f2ce5ad56f2672ca7f23a6c870e661931322b01ddb52076cbe3f29e31b2e49,2026-09-22T10:03:15.061268+00:00,https://www.enecho.meti.go.jp/about/linksto_thissite/,資源エネルギー庁サイト利用規約は特記がなければPDL1.0。第三者の権利・独自利用条件を別途確認。,,pdftotext -layout。OCRではない。画像の代替ではなく抽出確認用。
energy-estat-summary-index,総合エネルギー統計 結果概要一覧,経済産業省・資源エネルギー庁,2026-04-14公表,html,downloaded,https://www.e-stat.go.jp/stat-search/files?cycle=7&layout=dataset&page=1&tclass1=000001024836&tclass2val=0&toukei=00551010&tstat=000001024835,https://www.e-stat.go.jp/stat-search/files?cycle=7&layout=dataset&page=1&tclass1=000001024836&tclass2val=0&toukei=00551010&tstat=000001024835,raw/energy/estat-summary-index.html,81c83b47df0b0e177ae789c4ac1c8b2327306624d6f6cf41fba0f133657f69c1,2026-09-22T10:03:15.061268+00:00,https://www.enecho.meti.go.jp/about/linksto_thissite/,資源エネルギー庁サイト利用規約は特記がなければPDL1.0。第三者の権利・独自利用条件を別途確認。,,
energy-whitepaper-index,エネルギー白書一覧,経済産業省・資源エネルギー庁,2025,html,search_index_read_http_403,https://www.enecho.meti.go.jp/about/whitepaper/,https://www.enecho.meti.go.jp/about/whitepaper/,,,2026-09-22T10:03:15.061268+00:00,https://www.enecho.meti.go.jp/about/linksto_thissite/,資源エネルギー庁サイト利用規約は特記がなければPDL1.0。第三者の権利・独自利用条件を別途確認。,,2026-09-22調査で検索取得できた公式一覧は2025版を先頭掲載。2026版の刊行は確認できず。公式サイトへの直接HTTP取得は403で最新性に制限あり。
energy-whitepaper-2025-full,エネルギー白書2025 全体版,経済産業省・資源エネルギー庁,2025,pdf,unavailable_http_403,https://www.enecho.meti.go.jp/about/whitepaper/2025/pdf/whitepaper2025_all.pdf,https://www.enecho.meti.go.jp/about/whitepaper/2025/pdf/whitepaper2025_all.pdf,,,2026-09-22T10:03:15.061268+00:00,https://www.enecho.meti.go.jp/about/linksto_thissite/,資源エネルギー庁サイト利用規約は特記がなければPDL1.0。第三者の権利・独自利用条件を別途確認。,,公式掲載確認済。公開ファイルHTTP取得は403。ローカルPDF原本未取得。
energy-whitepaper-2025-summary,エネルギー白書2025 概要,経済産業省・資源エネルギー庁,2025,pdf,discovered_not_downloaded,https://www.enecho.meti.go.jp/about/whitepaper/2025/pdf/whitepaper2025.pdf,https://www.enecho.meti.go.jp/about/whitepaper/2025/pdf/whitepaper2025.pdf,,,2026-09-22T10:03:15.061268+00:00,https://www.enecho.meti.go.jp/about/linksto_thissite/,資源エネルギー庁サイト利用規約は特記がなければPDL1.0。第三者の権利・独自利用条件を別途確認。,,公式概要PDFの掲載・検索本文を確認。ローカル原本未取得。METI側同概要配布URLはHTTP403。
energy-whitepaper-2025-gxchapter,エネルギー白書2025 第1部第2章,経済産業省・資源エネルギー庁,2025,pdf,search_index_read_not_downloaded,https://www.enecho.meti.go.jp/about/whitepaper/2025/pdf/1_2.pdf,https://www.enecho.meti.go.jp/about/whitepaper/2025/pdf/1_2.pdf,,,2026-09-22T10:03:15.061268+00:00,https://www.enecho.meti.go.jp/about/linksto_thissite/,資源エネルギー庁サイト利用規約は特記がなければPDL1.0。第三者の権利・独自利用条件を別途確認。,,GX、産業政策、技術開発の章。原本未取得。
energy-trends-202506,エネルギー動向2025年6月版 全体版,経済産業省・資源エネルギー庁,2025,pdf,discovered_not_downloaded,https://www.enecho.meti.go.jp/about/energytrends/202506/pdf/energytrends_all.pdf,https://www.enecho.meti.go.jp/about/energytrends/202506/pdf/energytrends_all.pdf,,,2026-09-22T10:03:15.061268+00:00,https://www.enecho.meti.go.jp/about/linksto_thissite/,資源エネルギー庁サイト利用規約は特記がなければPDL1.0。第三者の権利・独自利用条件を別途確認。,,2025年から白書とは別掲載となった統計中心資料。原本未取得。
energy-trends-demand,エネルギー動向 第1章第1節 エネルギー需給の概要,経済産業省・資源エネルギー庁,2025,html,search_index_read_http_403,https://www.enecho.meti.go.jp/about/energytrends/202506/html/s-1-1.html,https://www.enecho.meti.go.jp/about/energytrends/202506/html/s-1-1.html,,,2026-09-22T10:03:15.061268+00:00,https://www.enecho.meti.go.jp/about/linksto_thissite/,資源エネルギー庁サイト利用規約は特記がなければPDL1.0。第三者の権利・独自利用条件を別途確認。,,図11-1-1ほか図表Excelリンクを公式検索本文で確認。個別Excelの取得未了。図11-4-1の1989年度以前はIEA由来、1990年度以降は総合エネルギー統計。
energy-total-series,総合エネルギー統計 時系列表・低位発熱量版IEA準拠表,経済産業省・資源エネルギー庁,2025,html,search_index_read_http_403,https://www.enecho.meti.go.jp/statistics/total_energy/results.html,https://www.enecho.meti.go.jp/statistics/total_energy/results.html,,,2026-09-22T10:03:15.061268+00:00,https://www.enecho.meti.go.jp/about/linksto_thissite/,資源エネルギー庁サイト利用規約は特記がなければPDL1.0。第三者の権利・独自利用条件を別途確認。,,2026-04-14公表の時系列表211KBと低位発熱量版IEA準拠表362KBの存在を確認。直接配布ファイル未取得。今回保存はe-Stat年次表。
energy-policy-s3e,白書2025 第2部はじめに 日本のエネルギー政策,経済産業省・資源エネルギー庁,2025,html,search_index_read_not_downloaded,https://www.enecho.meti.go.jp/about/whitepaper/2025/html/2-0-0.html,https://www.enecho.meti.go.jp/about/whitepaper/2025/html/2-0-0.html,,,2026-09-22T10:03:15.061268+00:00,https://www.enecho.meti.go.jp/about/linksto_thissite/,資源エネルギー庁サイト利用規約は特記がなければPDL1.0。第三者の権利・独自利用条件を別途確認。,,S+3E、省エネ、再エネ・原子力、エネルギー安定供給と成長と脱炭素。
energy-policy-fukushima,白書2025 第1部第1章 福島復興の進捗,経済産業省・資源エネルギー庁,2025,html,search_index_read_not_downloaded,https://www.enecho.meti.go.jp/about/whitepaper/2025/html/1-1-0.html,https://www.enecho.meti.go.jp/about/whitepaper/2025/html/1-1-0.html,,,2026-09-22T10:03:15.061268+00:00,https://www.enecho.meti.go.jp/about/linksto_thissite/,資源エネルギー庁サイト利用規約は特記がなければPDL1.0。第三者の権利・独自利用条件を別途確認。,,福島復興、廃炉・被災者支援・新エネ社会構想。
energy-policy-innovation,白書2025 第1部第2章第3節 次世代エネルギー革新技術,経済産業省・資源エネルギー庁,2025,html,search_index_read_not_downloaded,https://www.enecho.meti.go.jp/about/whitepaper/2025/html/1-2-3.html,https://www.enecho.meti.go.jp/about/whitepaper/2025/html/1-2-3.html,,,2026-09-22T10:03:15.061268+00:00,https://www.enecho.meti.go.jp/about/linksto_thissite/,資源エネルギー庁サイト利用規約は特記がなければPDL1.0。第三者の権利・独自利用条件を別途確認。,,光電融合、ペロブスカイト、浮体式洋上風力、次世代地熱、次世代革新炉、水素等。
energy-rights,資源エネルギー庁 サイト利用規約,経済産業省・資源エネルギー庁,2025,html,search_index_read_not_downloaded,https://www.enecho.meti.go.jp/about/linksto_thissite/,https://www.enecho.meti.go.jp/about/linksto_thissite/,,,2026-09-22T10:03:15.061268+00:00,https://www.enecho.meti.go.jp/about/linksto_thissite/,資源エネルギー庁サイト利用規約は特記がなければPDL1.0。第三者の権利・独自利用条件を別途確認。,,PDL1.0と第三者権利に関する規約を確認。
energy-rights-thirdparty,資源エネルギー庁 法的事項,経済産業省・資源エネルギー庁,2025,html,search_index_read_not_downloaded,https://www.enecho.meti.go.jp/about/linksto_thissite/001/,https://www.enecho.meti.go.jp/about/linksto_thissite/001/,,,2026-09-22T10:03:15.061268+00:00,https://www.enecho.meti.go.jp/about/linksto_thissite/,資源エネルギー庁サイト利用規約は特記がなければPDL1.0。第三者の権利・独自利用条件を別途確認。,,IEAや企業の出典がある図表・写真に政府共通ライセンスを一律適用しない。
energy-processed-energy-annual-csv,エネルギー年度統計 正規化データ,経済産業省・資源エネルギー庁,2024年度・2026-04-14改訂,csv,derived_from_downloaded_source,https://www.enecho.meti.go.jp/statistics/total_energy/results.html,https://www.enecho.meti.go.jp/statistics/total_energy/results.html,processed/energy-annual.csv,6ae9a44564dfc2a8dd93e17c98e9f39ef0d5828e61ec0174f0363c48026a2a76,2026-09-22T10:03:15.061268+00:00,https://www.enecho.meti.go.jp/about/linksto_thissite/,資源エネルギー庁サイト利用規約は特記がなければPDL1.0。第三者の権利・独自利用条件を別途確認。,,35年度×20系列=700行。原ファイル、シート、セル、単位変換を各行に保持。
energy-processed-energy-annual-json,エネルギー年度統計 正規化JSON,経済産業省・資源エネルギー庁,2024年度・2026-04-14改訂,json,derived_from_downloaded_source,https://www.enecho.meti.go.jp/statistics/total_energy/results.html,https://www.enecho.meti.go.jp/statistics/total_energy/results.html,processed/energy-annual.json,7b7cc3d941f09ded57ea946d518b0a2c0306a1386f6252013ff6b99e9cb159f9,2026-09-22T10:03:15.061268+00:00,https://www.enecho.meti.go.jp/about/linksto_thissite/,資源エネルギー庁サイト利用規約は特記がなければPDL1.0。第三者の権利・独自利用条件を別途確認。,,CSVと同じ700行。
energy-processed-energy-self-sufficiency-published-csv,IEAベース自給率 公表値抽出,経済産業省・資源エネルギー庁,2024年度・2026-04-14改訂,csv,derived_from_downloaded_source,https://www.e-stat.go.jp/stat-search/file-download?statInfId=000040391289&fileKind=2,https://www.e-stat.go.jp/stat-search/file-download?statInfId=000040391289&fileKind=2,processed/energy-self-sufficiency-published.csv,72ebd0ebd0bd0416d9fe39c1fc130e0d5fd0eaeaef22d25fc6fecadbd4452909,2026-09-22T10:03:15.061268+00:00,https://www.enecho.meti.go.jp/about/linksto_thissite/,資源エネルギー庁サイト利用規約は特記がなければPDL1.0。第三者の権利・独自利用条件を別途確認。,,2010〜2024年度15行。PDF7頁の公表丸め値から抽出。元Excelからの自給率再計算は未実施。
energy-processed-energy-validation-json,正規化検証結果と定義上の注意,経済産業省・資源エネルギー庁,2024年度・2026-04-14改訂,json,derived_from_downloaded_source,https://www.enecho.meti.go.jp/statistics/total_energy/results.html,https://www.enecho.meti.go.jp/statistics/total_energy/results.html,processed/energy-validation.json,0175f59416190a96e41facbea19ffe5e75060a297dcd55067655aa7b77d30044,2026-09-22T10:03:15.061268+00:00,https://www.enecho.meti.go.jp/about/linksto_thissite/,資源エネルギー庁サイト利用規約は特記がなければPDL1.0。第三者の権利・独自利用条件を別途確認。,,表内年度、行コード、単位、構成要素の和を検証。
mono-2026-overview,2026年版ものづくり白書 概要（衆議院提出版）,経済産業省・厚生労働省・文部科学省／衆議院掲載,2026,pdf,acquired,https://www.meti.go.jp/report/whitepaper/mono/2026/index.html,https://www.shugiin.go.jp/internet/itdb_gian.nsf/html/gian/gian_hokoku/20260529monogaiyo.pdf/%24File/20260529monogaiyo.pdf,raw/industry-sme/mono-2026-overview.pdf,29bc3e271d1c8cfc1ada08a18867d3bc7cfd89a715e1f19258d5828821e72c85,2026-09-22T09:54:39.203732+00:00,https://www.shugiin.go.jp/internet/itdb_annai.nsf/html/statics/link.html,調査参照用。掲載元の一般規約は画像利用や改変に条件がある。公開サイトで画像を再利用する前に原著作者・個別図版の権利を確認。数値は原統計から再描画する。,第1部 第1–4章。概要本文p.1–34（PDF物理p.3–36）,2026-05-29閣議決定。経産省直接URLはHTTP403のため衆議院の公開提出版を取得。全36ページ（先頭空白・表紙を含む）。正文全体ではない。
mono-2026-mhlw-overview,2026年版ものづくり白書 概要 厚生労働省担当パート,厚生労働省,2026,pdf,acquired,https://www.mhlw.go.jp/stf/houdou/newpage_00229.html,https://www.mhlw.go.jp/content/11801500/001704747.pdf,raw/industry-sme/mono-2026-overview-mhlw.pdf,b928dbd66c26763d5bccad3fcad458e99fc7737f5d3cf523622e510c68af89aa,2026-09-22T09:54:38.240023+00:00,https://www.mhlw.go.jp/chosakuken/index.html,厚労省はPDL1.0。出典・加工表示、第三者図版やロゴ等の別条件を確認。,第1部第2章、第2部第2章,共同執筆省の掲載版。経産省単独の主張と扱わない。
mono-2026-mhlw-release,2026年版ものづくり白書の閣議決定発表（厚労省）,厚生労働省,2026,html,acquired,https://www.mhlw.go.jp/stf/houdou/newpage_00229.html,https://www.mhlw.go.jp/stf/houdou/newpage_00229.html,raw/industry-sme/mhlw-mono-2026-index.html,fd5131ae445113fbb47950e340747d8ef7de08d5252f3f8bdfda8f7a7db452e3,2026-09-22T09:53:53.853221+00:00,https://www.mhlw.go.jp/chosakuken/index.html,出典・加工表示。,本文p.29図211-4、p.30図212-1、p.52図231-1、p.57図232-2、p.59図233-2,正文頁・図番号は本発表で照合。本文全冊は未取得。
sme-small-2026-overview,2026年版中小企業白書及び小規模企業白書について（国会提出概要）,中小企業庁調査室／衆議院掲載,2026,pdf,acquired,https://www.shugiin.go.jp/internet/itdb_gian.nsf/html/gian/gian_hokoku/list.html,https://www.shugiin.go.jp/internet/itdb_gian.nsf/html/gian/gian_hokoku/20260424kigyogaiyo.pdf/%24File/20260424kigyogaiyo.pdf,raw/industry-sme/sme-small-2026-overview-parliament.pdf,5e5b4e01406d62b59b2ea41c89bdcf71e5c4c950ee71809a72dcac4137e6c7a8,2026-09-22T09:55:35.201974+00:00,https://www.shugiin.go.jp/internet/itdb_annai.nsf/html/statics/link.html,調査参照用。掲載元の転載・画像・改変条件を確認。,概要(1)令和7年度動向、(2)既往施策、(3)令和8年度施策,2026-04-24閣議決定。PDF全2ページ、1ページ目空白。詳細図表を含まない。
sme-small-2026-rieti,2026年版中小企業白書・小規模企業白書について（担当室長の説明資料）,中小企業庁調査室 岡田直也／RIETI掲載,2026,pdf,acquired,https://www.rieti.go.jp/jp/events/26061101/handout.html,https://www.rieti.go.jp/jp/events/bbl/26061101_okada.pdf,raw/industry-sme/sme-small-2026-overview-rieti.pdf,17fcdfe9e9ec76244c8931828a32e0c7b99f1195499b4d395e209a6ffb9162be,2026-09-22T09:55:35.504265+00:00,https://www.rieti.go.jp/jp/site_policy.html,調査参照用。RIETI掲載素材に一律のオープンライセンスを仮定しない。公開ページに画像を流用せず、統計から描き直す。,資料p.9–17=中小企業白書第2部第1–2章、p.18–24=小規模企業白書第2部第1–2章,2026-06-11 RIETI BBL、全25ページ。中小企業庁直掲載の2026gaiyou.pdfそのものとのバイト一致は未確認。頁はこの説明資料の頁。
industry-iip-annual-20260914,2020年基準鉱工業指数 業種別／四半期、年、年度／原指数,経済産業省／e-Stat,2026-09-14公開版,xlsx,acquired,https://www.e-stat.go.jp/stat-search/files?bunya_l=05&layout=datalist&toukei=00550300&tstat=000001022877&result_page=1&cycle=0&tclass1=000001205860&page=1&tclass2val=0,https://www.e-stat.go.jp/stat-search/file-download?statInfId=000040172370&fileKind=0,raw/industry-sme/iip-industry-annual-quarterly-original-20260914.xlsx,4bcaf7a01d8f6ad2603bb32df5dd7f7356ecf6df42739ab786fd5a763bca20c5,2026-09-22T09:58:13.102356+00:00,https://www.e-stat.go.jp/terms-of-use,数値を再集計可。経済産業省・e-Statと加工内容を明示。,ものづくり白書第1部第1章第2節 生産・出荷の状況の原統計に対応,配布名b2020_goq1j.xlsx。年次CY2018–2025。生産計・出荷計・在庫計(期末)・在庫計(平均)・在庫率計。白書刊行後の改定版であり掲載値の再現とは区別。
industry-iip-monthly-20260914,2020年基準鉱工業指数 業種別／月次／原指数,経済産業省／e-Stat,2026-09-14公開版,xlsx,acquired,https://www.e-stat.go.jp/stat-search/files?bunya_l=05&layout=datalist&toukei=00550300&tstat=000001022877&result_page=1&cycle=0&tclass1=000001205860&page=1&tclass2val=0,https://www.e-stat.go.jp/stat-search/file-download?statInfId=000040172364&fileKind=0,raw/industry-sme/iip-industry-monthly-original-20260914.xlsx,dfa7ead12961fab8fa71c194be2a8efb4074644d822a3a4883cd59996a9136a6,2026-09-22T09:58:13.515035+00:00,https://www.e-stat.go.jp/terms-of-use,数値を再集計可。経済産業省・e-Statと加工内容を明示。,同上,配布名b2020_gom1j.xlsx。暦年平均の検算に使用。P=速報、X=秘匿、***=非作成を区別。
sme-basic-2025-final,中小企業実態基本調査 令和7年確報（令和6年度決算実績） 調査の概況（集計結果）,中小企業庁／e-Stat,2025年調査・2026-06-29確報,xlsx,acquired,https://www.e-stat.go.jp/stat-search/files?kikan=00553&layout=dataset&toukei=00553010,https://www.e-stat.go.jp/stat-search/file-download?statInfId=000040470279&fileKind=0,raw/industry-sme/sme-basic-2025-final-summary.xlsx,17b5112c2cf5c7b9f49e84fa4b54818e373f07a4e45368261d3f432bfd43848a,2026-09-22T10:01:32.762132+00:00,https://www.e-stat.go.jp/terms-of-use,出典を中小企業庁「令和7年中小企業実態基本調査」と明示。数値の再集計可。,中小企業白書第2部第1章 労働生産性の状況／説明資料p.10,32シートの集計済み公的統計。第3-5・3-6表に付加価値額、第1-1・1-2表に従業者、第5-1・5-2表に設備投資。個票ではない。説明資料で使用した2024年度速報値とは改定時点が異なる。
sme-basic-2025-final-notes,令和7年中小企業実態基本調査 利用上の注意,中小企業庁／e-Stat,2025年調査・2026-06-29確報,pdf,acquired,https://www.e-stat.go.jp/stat-search/files?kikan=00553&layout=dataset&toukei=00553010,https://www.e-stat.go.jp/stat-search/file-download?statInfId=000040470276&fileKind=2,raw/industry-sme/sme-basic-2025-final-notes.pdf,ffec666816ca42c0f566667ef430813b2389b7e0b16949a4a8d6f2aa02a3617d,2026-09-22T10:01:33.257917+00:00,https://www.e-stat.go.jp/terms-of-use,出典表示。,中小企業白書第2部第1章の原統計の定義確認,約11万社対象の標本調査を母集団に拡大推計。従業者2025-06-01現在、売上等は最近決算期の1年間。消費税込/税抜が混在し補正なし。p.2に記号と調査計画変更。
industry-estat-catalog,鉱工業指数 2020年基準ファイル一覧,e-Stat,2026-09-22参照,html,acquired,https://www.e-stat.go.jp/stat-search/files?bunya_l=05&layout=datalist&toukei=00550300&tstat=000001022877&result_page=1&cycle=0&tclass1=000001205860&page=1&tclass2val=0,https://www.e-stat.go.jp/stat-search/files?bunya_l=05&layout=datalist&toukei=00550300&tstat=000001022877&result_page=1&cycle=0&tclass1=000001205860&page=1&tclass2val=0,raw/industry-sme/estat-iip-files-2020.html,a647df10529a445da4090c0961416aafb052b8af3c8824a1ba94364bdd4cbae8,2026-09-22T09:57:23.549049+00:00,https://www.e-stat.go.jp/terms-of-use,出典表示。,,2026-09-14公開更新日とダウンロードIDを保存。
sme-estat-catalog,中小企業実態基本調査 統計表一覧,e-Stat,2026-09-22参照,html,acquired,https://www.e-stat.go.jp/stat-search/files?kikan=00553&layout=dataset&toukei=00553010,https://www.e-stat.go.jp/stat-search/files?kikan=00553&layout=dataset&toukei=00553010,raw/industry-sme/estat-sme-basic-index.html,876bd9e29c635a9ee3a52c86c029b4e0a08527be6bd81b12813a4cbca205355a,2026-09-22T10:00:53.875356+00:00,https://www.e-stat.go.jp/terms-of-use,出典表示。,,確報2026-06-29公開と表名を保存。
mono-chart-tables-2026,ものづくり白書2026 章別データ資料,経済産業省／中小企業庁,2026,xlsx,not_acquired_http_403,https://www.meti.go.jp/report/whitepaper/mono/2026/index.html,,,,,https://www.meti.go.jp/main/rules.html,元統計・第三者データ・企業提供写真を個別判定。,,公式検索結果に第1章99KB、第2章52KB、第3章89KB、第4章41KBのExcelを確認。直接HTMLは403。個別Excel URL未取得。図表再現用集計であり個票ではない。 確認日2026-09-22。
sme-direct-overview-2026,中小企業・小規模企業白書2026 概要 直掲載版,経済産業省／中小企業庁,2026,pdf,not_acquired_http_403,https://www.chusho.meti.go.jp/pamflet/hakusyo/2026/PDF/2026gaiyou.pdf,https://www.chusho.meti.go.jp/pamflet/hakusyo/2026/PDF/2026gaiyou.pdf,,,,https://www.meti.go.jp/main/rules.html,元統計・第三者データ・企業提供写真を個別判定。,,検索結果で刊行を確認。直接取得はHTTP403。RIETIの担当室長資料と国会提出概要を代替取得。 確認日2026-09-22。
mono-figure-reference,ものづくり概要p.5 サプライチェーン（参照レンダー）,経済産業省・厚生労働省・文部科学省／衆議院掲載,2026,png,derived_local_reference_only,https://www.meti.go.jp/report/whitepaper/mono/2026/index.html,https://www.shugiin.go.jp/internet/itdb_gian.nsf/html/gian/gian_hokoku/20260529monogaiyo.pdf/%24File/20260529monogaiyo.pdf,assets/industry-sme/mono-2026-overview-p5-reference.png,cfb7ccdf8510e8d007bc962ed9bd854bd7dfd791b94f739f3cc4a75c0baf7cf1,2026-09-22T09:54:39.203732+00:00,https://www.shugiin.go.jp/internet/itdb_annai.nsf/html/statics/link.html,調査参照用。掲載元の一般規約は画像利用や改変に条件がある。公開サイトで画像を再利用する前に原著作者・個別図版の権利を確認。数値は原統計から再描画する。,概要p.5 図1–4／PDF物理p.7,元PDFの1ページをpdftoppmで1800pxにレンダー。掲載候補調査のための参照用で、公開用クリア済み画像ではない。元資料ID=mono-2026-overview
sme-figure-reference,中小企業説明資料p.10 生産性（参照レンダー）,中小企業庁調査室 岡田直也／RIETI掲載,2026,png,derived_local_reference_only,https://www.rieti.go.jp/jp/events/26061101/handout.html,https://www.rieti.go.jp/jp/events/bbl/26061101_okada.pdf,assets/industry-sme/sme-2026-productivity-p10-reference.png,b8a5099aae536de4578c7e67aaa6608647b05aa2b23cf08cd415af53e2449f42,2026-09-22T09:55:35.504265+00:00,https://www.rieti.go.jp/jp/site_policy.html,調査参照用。RIETI掲載素材に一律のオープンライセンスを仮定しない。公開ページに画像を流用せず、統計から描き直す。,説明資料p.10 図1–3,元PDFの1ページをpdftoppmで1800pxにレンダー。掲載候補調査のための参照用で、公開用クリア済み画像ではない。元資料ID=sme-small-2026-rieti
trade-whitepaper-index-2026,通商白書2026 公式索引,経済産業省,2026,HTML,indexed_not_downloaded,https://www.meti.go.jp/report/tsuhaku2026/index.html,,,,2026-09-22,https://www.meti.go.jp/main/rules.html,,,"公式検索索引に2026年版・概要版5,067KB・2026-07-03更新を確認。直接アクセス403。概要版PDFは未取得。推定PDF URLを実在リンクとして記録していない。"
trade-whitepaper-contents-2026,通商白書2026 PDF本文目次,経済産業省,2026,HTML,indexed_not_downloaded,https://www.meti.go.jp/report/tsuhaku2026/whitepaper_2026.html,,,,2026-09-22,https://www.meti.go.jp/main/rules.html,,,公式検索索引で2026-06-30更新と章構成を確認。本文・概要PDFの保存は未達。第1部第5章は「信頼できる経済圏」と危機管理投資・成長投資。
trade-meti-presentation-2026,通商白書2026 解説講演資料（57頁）,経済産業省 通商政策局／掲載：経済産業研究所（RIETI）,2026年7月,PDF,downloaded,https://www.rieti.go.jp/jp/events/bbl/26072301_yoda.pdf,https://www.rieti.go.jp/jp/events/bbl/26072301_yoda.pdf,raw/trade/meti-rieti-presentation-2026.pdf,619b951aeb6440e257aa82207a837fe2065bc22532549319a5395157ac2afd2d,2026-09-22T09:53:22.025883+00:00,https://www.rieti.go.jp/jp/site_policy.html,RIETIサイトの素材は包括オープンライセンスではない。研究参考として保存。ページ画像の公衆向け転載は未許諾として保留。引用の必然性・主従関係・明瞭区分・出所表示、または権利者条件の確認が必要。,2026年版全体の解説。PDF p7（印刷p6）貿易統計、PDF p18（印刷p17）サプライチェーン、PDF p55-57（印刷p54-56）戦略。,公式概要版の代替として取得した同省作成・RIETI公式掲載の一次講演資料。公式概要版そのものではない。
trade-rieti-event-2026,通商白書2026 解説講演の開催情報・議事録,経済産業研究所（RIETI）,2026-07-23,HTML,downloaded,https://www.rieti.go.jp/jp/events/bbl/26072301.html,https://www.rieti.go.jp/jp/events/bbl/26072301.html,raw/trade/rieti-2026.html,680c632f5a73a96e8d30ae68b94ba467bd742103f09f316f00a1a476381c0131,2026-09-22T09:53:22.154485+00:00,https://www.rieti.go.jp/jp/site_policy.html,,,開催と講演者・添付PDFリンクを確認。議事録の要約と講演資料の原記述は区別。
trade-mof-index,輸出入額の推移 年次・月次CSV一覧,財務省 関税局・税関,,HTML,downloaded,https://www.customs.go.jp/toukei/suii/html/time.htm,https://www.customs.go.jp/toukei/suii/html/time.htm,raw/trade/customs-index.html,0aebd09762e44bacb0f0de60928084a8887c0ea40df626b8c26527ab25275fb9,2026-09-22T09:51:56.971451+00:00,https://www.customs.go.jp/kyotsu/rules.htm,,,原本CSVの単位千円、総額1979年以降、商品別1988年以降。2024年以前確定値／2025年確々報値。
trade-mof-world-annual,日本の世界向け輸出入総額・年別CSV,財務省 関税局・税関,,CSV (CP932),downloaded,https://www.customs.go.jp/toukei/suii/html/time.htm,https://www.customs.go.jp/toukei/suii/html/data/d41ca.csv,raw/trade/mof-world-annual.csv,10f4829db214e5f869c9e73fd1bc478fac4c14d7132c0a558e9196bc92981034,2026-09-22T09:52:22.125332+00:00,https://www.customs.go.jp/kyotsu/rules.htm,税関利用規約で特記なきコンテンツにPDL1.0適用。出典・加工者を表示。ロゴ等の別規則対象は使用しない。,同省解説PDF p7（印刷p6）出典「財務省 貿易統計」。今回取得は暦年総額であり同ページの年度・地域別図を完全再現するデータではない。,1979–2025暦年、47行、名目円、千円単位。原本公表集計表（個票ではない）。輸出FOB／輸入CIF。
trade-mof-products-import-annual,日本の世界からの主要商品輸入・年別CSV,財務省 関税局・税関,,CSV (CP932),downloaded,https://www.customs.go.jp/toukei/suii/html/time.htm,https://www.customs.go.jp/toukei/suii/html/data/d61ca.csv,raw/trade/mof-products-import-annual.csv,4fc0e2c09c73e4c5d92df7e232fbf3be4c2cbf434818df0926a18079310096e1,2026-09-22T09:52:22.241062+00:00,https://www.customs.go.jp/kyotsu/rules.htm,PDL1.0、出典と加工の明記。,通商・エネルギー横断分析用の追加一次統計。白書個別図との完全一致は未検証。,1988–2025暦年、38行、116列。鉱物性燃料の概況品コード3、金額列33（0始まり）、千円。原油・LNG・石炭などの数量・金額も原本に収録。親分類と内訳の二重計上に注意。
trade-mof-total-html,年別輸出入総額の推移表（1950年以降）,財務省 関税局・税関,,HTML,downloaded,https://www.customs.go.jp/toukei/suii/html/nenbet.htm,https://www.customs.go.jp/toukei/suii/html/nenbet.htm,raw/trade/customs-year-total.html,6428c52aac2b7bcfbf39863c501edbf57e92a82c74dc5098efdb06ce1b3ce485,2026-09-22T09:55:19.379864+00:00,https://www.customs.go.jp/kyotsu/rules.htm,,,CSVと重なる1979–2024の46年について輸出・輸入を完全一致検証。
trade-mof-rights,税関ホームページ利用規約,財務省 関税局・税関,,HTML,downloaded,https://www.customs.go.jp/kyotsu/rules.htm,https://www.customs.go.jp/kyotsu/rules.htm,raw/trade/customs-rules.html,2fc7ec983550f2c335af5e13425d909faa784683cf5a0914158e752abdad419f,2026-09-22T09:55:19.281647+00:00,https://www.customs.go.jp/kyotsu/rules.htm,,,PDL1.0の適用と除外対象を確認。
trade-rieti-rights,RIETIサイトポリシー,経済産業研究所（RIETI）,,HTML,downloaded,https://www.rieti.go.jp/jp/site_policy.html,https://www.rieti.go.jp/jp/site_policy.html,raw/trade/rieti-policy.html,0189b77d0466f2ef8a5dd25a6c1ca88c5d0d359b25ea859a5ec5559d0c6b4a6a,2026-09-22T09:55:19.518714+00:00,,,,研究素材を公開サイトに転載できる包括許諾は確認できない。
trade-chart-reference-7,2025年度の日本の貿易,経済産業省 通商政策局／RIETI掲載,2026年7月,PNG,derived_research_reference_only,https://www.rieti.go.jp/jp/events/bbl/26072301_yoda.pdf#page=7,https://www.rieti.go.jp/jp/events/bbl/26072301_yoda.pdf,assets/trade/meti-presentation-2026-page07.png,49fae6a4ba26736bc31b1a901d0fabbd49ce308ea120928577de9f2d21fcfeda,2026-09-22T09:54:35.335019+00:00,https://www.rieti.go.jp/jp/site_policy.html,原PDFページを出典・注記ごとPNGにレンダリング。研究確認用、公開転用は保留。,解説講演資料 PDF p7（印刷p6）,pdftoppm -scale-to 1800。図表単体の独立配布ではなくページ画像。視認性と注記保持を確認済み。
trade-chart-reference-18,アジアの石油製品のサプライチェーン試算,経済産業省 通商政策局／RIETI掲載,2026年7月,PNG,derived_research_reference_only,https://www.rieti.go.jp/jp/events/bbl/26072301_yoda.pdf#page=18,https://www.rieti.go.jp/jp/events/bbl/26072301_yoda.pdf,assets/trade/meti-presentation-2026-page18.png,ae34aea9a70702ef0dfb8d3c2dcc0df16768a3950d4a5eb2f6d03681f1346f20,2026-09-22T09:54:35.758031+00:00,https://www.rieti.go.jp/jp/site_policy.html,原PDFページを出典・注記ごとPNGにレンダリング。研究確認用、公開転用は保留。,解説講演資料 PDF p18（印刷p17）,pdftoppm -scale-to 1800。図表単体の独立配布ではなくページ画像。視認性と注記保持を確認済み。
