series_id,period,value,source_column_code
cpi_all,2020-01,100.507,0001
cpi_energy,2020-01,104.993,0167
cpi_ex_rent,2020-01,100.607,0163
cpi_all,2020-02,100.264,0001
cpi_energy,2020-02,104.365,0167
cpi_ex_rent,2020-02,100.321,0163
cpi_all,2020-03,100.291,0001
cpi_energy,2020-03,103.575,0167
cpi_ex_rent,2020-03,100.356,0163
cpi_all,2020-04,100.172,0001
cpi_energy,2020-04,100.445,0167
cpi_ex_rent,2020-04,100.213,0163
cpi_all,2020-05,100.137,0001
cpi_energy,2020-05,98.920,0167
cpi_ex_rent,2020-05,100.153,0163
cpi_all,2020-06,99.942,0001
cpi_energy,2020-06,99.561,0167
cpi_ex_rent,2020-06,99.925,0163
cpi_all,2020-07,100.010,0001
cpi_energy,2020-07,99.636,0167
cpi_ex_rent,2020-07,100.005,0163
cpi_all,2020-08,100.111,0001
cpi_energy,2020-08,99.940,0167
cpi_ex_rent,2020-08,100.127,0163
cpi_all,2020-09,99.900,0001
cpi_energy,2020-09,99.043,0167
cpi_ex_rent,2020-09,99.880,0163
cpi_all,2020-10,99.849,0001
cpi_energy,2020-10,97.518,0167
cpi_ex_rent,2020-10,99.821,0163
cpi_all,2020-11,99.513,0001
cpi_energy,2020-11,96.227,0167
cpi_ex_rent,2020-11,99.420,0163
cpi_all,2020-12,99.308,0001
cpi_energy,2020-12,95.779,0167
cpi_ex_rent,2020-12,99.179,0163
cpi_all,2021-01,99.844,0001
cpi_energy,2021-01,95.901,0167
cpi_ex_rent,2021-01,99.815,0163
cpi_all,2021-02,99.771,0001
cpi_energy,2021-02,96.724,0167
cpi_ex_rent,2021-02,99.708,0163
cpi_all,2021-03,99.897,0001
cpi_energy,2021-03,98.930,0167
cpi_ex_rent,2021-03,99.862,0163
cpi_all,2021-04,99.057,0001
cpi_energy,2021-04,100.811,0167
cpi_ex_rent,2021-04,98.860,0163
cpi_all,2021-05,99.378,0001
cpi_energy,2021-05,102.729,0167
cpi_ex_rent,2021-05,99.235,0163
cpi_all,2021-06,99.489,0001
cpi_energy,2021-06,103.859,0167
cpi_ex_rent,2021-06,99.368,0163
cpi_all,2021-07,99.697,0001
cpi_energy,2021-07,105.383,0167
cpi_ex_rent,2021-07,99.617,0163
cpi_all,2021-08,99.709,0001
cpi_energy,2021-08,105.393,0167
cpi_ex_rent,2021-08,99.623,0163
cpi_all,2021-09,100.086,0001
cpi_energy,2021-09,106.369,0167
cpi_ex_rent,2021-09,100.070,0163
cpi_all,2021-10,99.936,0001
cpi_energy,2021-10,108.570,0167
cpi_ex_rent,2021-10,99.900,0163
cpi_all,2021-11,100.122,0001
cpi_energy,2021-11,111.211,0167
cpi_ex_rent,2021-11,100.120,0163
cpi_all,2021-12,100.078,0001
cpi_energy,2021-12,111.453,0167
cpi_ex_rent,2021-12,100.071,0163
cpi_all,2022-01,100.338,0001
cpi_energy,2022-01,113.093,0167
cpi_ex_rent,2022-01,100.375,0163
cpi_all,2022-02,100.716,0001
cpi_energy,2022-02,116.533,0167
cpi_ex_rent,2022-02,100.823,0163
cpi_all,2022-03,101.134,0001
cpi_energy,2022-03,119.472,0167
cpi_ex_rent,2022-03,101.315,0163
cpi_all,2022-04,101.550,0001
cpi_energy,2022-04,120.071,0167
cpi_ex_rent,2022-04,101.813,0163
cpi_all,2022-05,101.819,0001
cpi_energy,2022-05,120.326,0167
cpi_ex_rent,2022-05,102.126,0163
cpi_all,2022-06,101.831,0001
cpi_energy,2022-06,121.008,0167
cpi_ex_rent,2022-06,102.144,0163
cpi_all,2022-07,102.320,0001
cpi_energy,2022-07,122.504,0167
cpi_ex_rent,2022-07,102.724,0163
cpi_all,2022-08,102.684,0001
cpi_energy,2022-08,123.231,0167
cpi_ex_rent,2022-08,103.154,0163
cpi_all,2022-09,103.076,0001
cpi_energy,2022-09,124.318,0167
cpi_ex_rent,2022-09,103.621,0163
cpi_all,2022-10,103.679,0001
cpi_energy,2022-10,125.116,0167
cpi_ex_rent,2022-10,104.339,0163
cpi_all,2022-11,103.937,0001
cpi_energy,2022-11,126.054,0167
cpi_ex_rent,2022-11,104.642,0163
cpi_all,2022-12,104.122,0001
cpi_energy,2022-12,128.427,0167
cpi_ex_rent,2022-12,104.862,0163
cpi_all,2023-01,104.663,0001
cpi_energy,2023-01,129.550,0167
cpi_ex_rent,2023-01,105.506,0163
cpi_all,2023-02,103.996,0001
cpi_energy,2023-02,115.746,0167
cpi_ex_rent,2023-02,104.708,0163
cpi_all,2023-03,104.395,0001
cpi_energy,2023-03,114.972,0167
cpi_ex_rent,2023-03,105.186,0163
cpi_all,2023-04,105.058,0001
cpi_energy,2023-04,114.770,0167
cpi_ex_rent,2023-04,105.967,0163
cpi_all,2023-05,105.127,0001
cpi_energy,2023-05,110.449,0167
cpi_ex_rent,2023-05,106.046,0163
cpi_all,2023-06,105.196,0001
cpi_energy,2023-06,113.059,0167
cpi_ex_rent,2023-06,106.126,0163
cpi_all,2023-07,105.671,0001
cpi_energy,2023-07,111.837,0167
cpi_ex_rent,2023-07,106.689,0163
cpi_all,2023-08,105.936,0001
cpi_energy,2023-08,111.137,0167
cpi_ex_rent,2023-08,106.999,0163
cpi_all,2023-09,106.218,0001
cpi_energy,2023-09,109.777,0167
cpi_ex_rent,2023-09,107.331,0163
cpi_all,2023-10,107.126,0001
cpi_energy,2023-10,114.265,0167
cpi_ex_rent,2023-10,108.406,0163
cpi_all,2023-11,106.890,0001
cpi_energy,2023-11,113.306,0167
cpi_ex_rent,2023-11,108.122,0163
cpi_all,2023-12,106.796,0001
cpi_energy,2023-12,113.490,0167
cpi_ex_rent,2023-12,108.011,0163
cpi_all,2024-01,106.926,0001
cpi_energy,2024-01,113.814,0167
cpi_ex_rent,2024-01,108.156,0163
cpi_all,2024-02,106.896,0001
cpi_energy,2024-02,113.725,0167
cpi_ex_rent,2024-02,108.114,0163
cpi_all,2024-03,107.212,0001
cpi_energy,2024-03,114.335,0167
cpi_ex_rent,2024-03,108.490,0163
cpi_all,2024-04,107.660,0001
cpi_energy,2024-04,114.895,0167
cpi_ex_rent,2024-04,109.019,0163
cpi_all,2024-05,108.071,0001
cpi_energy,2024-05,118.431,0167
cpi_ex_rent,2024-05,109.505,0163
cpi_all,2024-06,108.191,0001
cpi_energy,2024-06,121.772,0167
cpi_ex_rent,2024-06,109.635,0163
cpi_all,2024-07,108.580,0001
cpi_energy,2024-07,125.247,0167
cpi_ex_rent,2024-07,110.097,0163
cpi_all,2024-08,109.148,0001
cpi_energy,2024-08,124.512,0167
cpi_ex_rent,2024-08,110.769,0163
cpi_all,2024-09,108.869,0001
cpi_energy,2024-09,116.314,0167
cpi_ex_rent,2024-09,110.430,0163
cpi_all,2024-10,109.538,0001
cpi_energy,2024-10,116.882,0167
cpi_ex_rent,2024-10,111.227,0163
cpi_all,2024-11,110.006,0001
cpi_energy,2024-11,120.059,0167
cpi_ex_rent,2024-11,111.775,0163
cpi_all,2024-12,110.659,0001
cpi_energy,2024-12,124.956,0167
cpi_ex_rent,2024-12,112.550,0163
cpi_all,2025-01,111.237,0001
cpi_energy,2025-01,126.137,0167
cpi_ex_rent,2025-01,113.236,0163
cpi_all,2025-02,110.812,0001
cpi_energy,2025-02,121.605,0167
cpi_ex_rent,2025-02,112.735,0163
cpi_all,2025-03,111.095,0001
cpi_energy,2025-03,121.886,0167
cpi_ex_rent,2025-03,113.068,0163
cpi_all,2025-04,111.495,0001
cpi_energy,2025-04,125.619,0167
cpi_ex_rent,2025-04,113.524,0163
cpi_all,2025-05,111.838,0001
cpi_energy,2025-05,128.023,0167
cpi_ex_rent,2025-05,113.924,0163
cpi_all,2025-06,111.729,0001
cpi_energy,2025-06,125.323,0167
cpi_ex_rent,2025-06,113.791,0163
cpi_all,2025-07,111.946,0001
cpi_energy,2025-07,124.837,0167
cpi_ex_rent,2025-07,114.042,0163
cpi_all,2025-08,112.120,0001
cpi_energy,2025-08,120.375,0167
cpi_ex_rent,2025-08,114.241,0163
cpi_all,2025-09,112.037,0001
cpi_energy,2025-09,118.952,0167
cpi_ex_rent,2025-09,114.141,0163
cpi_all,2025-10,112.808,0001
cpi_energy,2025-10,119.322,0167
cpi_ex_rent,2025-10,115.038,0163
cpi_all,2025-11,113.196,0001
cpi_energy,2025-11,123.029,0167
cpi_ex_rent,2025-11,115.487,0163
cpi_all,2025-12,113.012,0001
cpi_energy,2025-12,121.080,0167
cpi_ex_rent,2025-12,115.257,0163
cpi_all,2026-01,112.912,0001
cpi_energy,2026-01,119.532,0167
cpi_ex_rent,2026-01,115.142,0163
cpi_all,2026-02,112.217,0001
cpi_energy,2026-02,110.562,0167
cpi_ex_rent,2026-02,114.313,0163
cpi_all,2026-03,112.716,0001
cpi_energy,2026-03,114.896,0167
cpi_ex_rent,2026-03,114.893,0163
cpi_all,2026-04,113.033,0001
cpi_energy,2026-04,120.752,0167
cpi_ex_rent,2026-04,115.281,0163
cpi_all,2026-05,113.549,0001
cpi_energy,2026-05,124.816,0167
cpi_ex_rent,2026-05,115.884,0163
cpi_all,2026-06,113.595,0001
cpi_energy,2026-06,125.208,0167
cpi_ex_rent,2026-06,115.932,0163
cpi_all,2026-07,114.151,0001
cpi_energy,2026-07,125.889,0167
cpi_ex_rent,2026-07,116.588,0163
cpi_all,2026-08,114.339,0001
cpi_energy,2026-08,120.011,0167
cpi_ex_rent,2026-08,116.791,0163
