year,series_id,label,value,unit,period_type,geography,partner,source_id,vintage,status
1979,exports,輸出額,22531538859,thousand_jpy,calendar_year,JPN,WORLD,trade-mof-world-annual,2026-09-22,確定値
1979,imports,輸入額,24245350997,thousand_jpy,calendar_year,JPN,WORLD,trade-mof-world-annual,2026-09-22,確定値
1979,trade_balance,貿易収支（通関ベース）,-1713812138,thousand_jpy,calendar_year,JPN,WORLD,trade-mof-world-annual,2026-09-22,確定値
1980,exports,輸出額,29382471938,thousand_jpy,calendar_year,JPN,WORLD,trade-mof-world-annual,2026-09-22,確定値
1980,imports,輸入額,31995325202,thousand_jpy,calendar_year,JPN,WORLD,trade-mof-world-annual,2026-09-22,確定値
1980,trade_balance,貿易収支（通関ベース）,-2612853264,thousand_jpy,calendar_year,JPN,WORLD,trade-mof-world-annual,2026-09-22,確定値
1981,exports,輸出額,33468984502,thousand_jpy,calendar_year,JPN,WORLD,trade-mof-world-annual,2026-09-22,確定値
1981,imports,輸入額,31464145741,thousand_jpy,calendar_year,JPN,WORLD,trade-mof-world-annual,2026-09-22,確定値
1981,trade_balance,貿易収支（通関ベース）,2004838761,thousand_jpy,calendar_year,JPN,WORLD,trade-mof-world-annual,2026-09-22,確定値
1982,exports,輸出額,34432500947,thousand_jpy,calendar_year,JPN,WORLD,trade-mof-world-annual,2026-09-22,確定値
1982,imports,輸入額,32656302574,thousand_jpy,calendar_year,JPN,WORLD,trade-mof-world-annual,2026-09-22,確定値
1982,trade_balance,貿易収支（通関ベース）,1776198373,thousand_jpy,calendar_year,JPN,WORLD,trade-mof-world-annual,2026-09-22,確定値
1983,exports,輸出額,34909268599,thousand_jpy,calendar_year,JPN,WORLD,trade-mof-world-annual,2026-09-22,確定値
1983,imports,輸入額,30014784056,thousand_jpy,calendar_year,JPN,WORLD,trade-mof-world-annual,2026-09-22,確定値
1983,trade_balance,貿易収支（通関ベース）,4894484543,thousand_jpy,calendar_year,JPN,WORLD,trade-mof-world-annual,2026-09-22,確定値
1984,exports,輸出額,40325293701,thousand_jpy,calendar_year,JPN,WORLD,trade-mof-world-annual,2026-09-22,確定値
1984,imports,輸入額,32321126640,thousand_jpy,calendar_year,JPN,WORLD,trade-mof-world-annual,2026-09-22,確定値
1984,trade_balance,貿易収支（通関ベース）,8004167061,thousand_jpy,calendar_year,JPN,WORLD,trade-mof-world-annual,2026-09-22,確定値
1985,exports,輸出額,41955659471,thousand_jpy,calendar_year,JPN,WORLD,trade-mof-world-annual,2026-09-22,確定値
1985,imports,輸入額,31084935207,thousand_jpy,calendar_year,JPN,WORLD,trade-mof-world-annual,2026-09-22,確定値
1985,trade_balance,貿易収支（通関ベース）,10870724264,thousand_jpy,calendar_year,JPN,WORLD,trade-mof-world-annual,2026-09-22,確定値
1986,exports,輸出額,35289713887,thousand_jpy,calendar_year,JPN,WORLD,trade-mof-world-annual,2026-09-22,確定値
1986,imports,輸入額,21550717070,thousand_jpy,calendar_year,JPN,WORLD,trade-mof-world-annual,2026-09-22,確定値
1986,trade_balance,貿易収支（通関ベース）,13738996817,thousand_jpy,calendar_year,JPN,WORLD,trade-mof-world-annual,2026-09-22,確定値
1987,exports,輸出額,33315191383,thousand_jpy,calendar_year,JPN,WORLD,trade-mof-world-annual,2026-09-22,確定値
1987,imports,輸入額,21736912673,thousand_jpy,calendar_year,JPN,WORLD,trade-mof-world-annual,2026-09-22,確定値
1987,trade_balance,貿易収支（通関ベース）,11578278710,thousand_jpy,calendar_year,JPN,WORLD,trade-mof-world-annual,2026-09-22,確定値
1988,exports,輸出額,33939183158,thousand_jpy,calendar_year,JPN,WORLD,trade-mof-world-annual,2026-09-22,確定値
1988,imports,輸入額,24006319859,thousand_jpy,calendar_year,JPN,WORLD,trade-mof-world-annual,2026-09-22,確定値
1988,trade_balance,貿易収支（通関ベース）,9932863299,thousand_jpy,calendar_year,JPN,WORLD,trade-mof-world-annual,2026-09-22,確定値
1988,mineral_fuels_imports,鉱物性燃料輸入額,4909225080,thousand_jpy,calendar_year,JPN,WORLD,trade-mof-products-import-annual,2026-09-22,確定値
1988,crude_oil_imports,原油及び粗油輸入額,2411757911,thousand_jpy,calendar_year,JPN,WORLD,trade-mof-products-import-annual,2026-09-22,確定値
1988,petroleum_products_imports,石油製品輸入額,889427179,thousand_jpy,calendar_year,JPN,WORLD,trade-mof-products-import-annual,2026-09-22,確定値
1988,lng_imports,液化天然ガス輸入額,662607515,thousand_jpy,calendar_year,JPN,WORLD,trade-mof-products-import-annual,2026-09-22,確定値
1988,lpg_imports,液化石油ガス輸入額,250025757,thousand_jpy,calendar_year,JPN,WORLD,trade-mof-products-import-annual,2026-09-22,確定値
1988,coal_imports,石炭輸入額,688769809,thousand_jpy,calendar_year,JPN,WORLD,trade-mof-products-import-annual,2026-09-22,確定値
1989,exports,輸出額,37822534626,thousand_jpy,calendar_year,JPN,WORLD,trade-mof-world-annual,2026-09-22,確定値
1989,imports,輸入額,28978572581,thousand_jpy,calendar_year,JPN,WORLD,trade-mof-world-annual,2026-09-22,確定値
1989,trade_balance,貿易収支（通関ベース）,8843962045,thousand_jpy,calendar_year,JPN,WORLD,trade-mof-world-annual,2026-09-22,確定値
1989,mineral_fuels_imports,鉱物性燃料輸入額,5916178537,thousand_jpy,calendar_year,JPN,WORLD,trade-mof-products-import-annual,2026-09-22,確定値
1989,crude_oil_imports,原油及び粗油輸入額,2961616891,thousand_jpy,calendar_year,JPN,WORLD,trade-mof-products-import-annual,2026-09-22,確定値
1989,petroleum_products_imports,石油製品輸入額,1138224511,thousand_jpy,calendar_year,JPN,WORLD,trade-mof-products-import-annual,2026-09-22,確定値
1989,lng_imports,液化天然ガス輸入額,749115480,thousand_jpy,calendar_year,JPN,WORLD,trade-mof-products-import-annual,2026-09-22,確定値
1989,lpg_imports,液化石油ガス輸入額,252082011,thousand_jpy,calendar_year,JPN,WORLD,trade-mof-products-import-annual,2026-09-22,確定値
1989,coal_imports,石炭輸入額,805204768,thousand_jpy,calendar_year,JPN,WORLD,trade-mof-products-import-annual,2026-09-22,確定値
1990,exports,輸出額,41456939674,thousand_jpy,calendar_year,JPN,WORLD,trade-mof-world-annual,2026-09-22,確定値
1990,imports,輸入額,33855207638,thousand_jpy,calendar_year,JPN,WORLD,trade-mof-world-annual,2026-09-22,確定値
1990,trade_balance,貿易収支（通関ベース）,7601732036,thousand_jpy,calendar_year,JPN,WORLD,trade-mof-world-annual,2026-09-22,確定値
1990,mineral_fuels_imports,鉱物性燃料輸入額,8083186732,thousand_jpy,calendar_year,JPN,WORLD,trade-mof-products-import-annual,2026-09-22,確定値
1990,crude_oil_imports,原油及び粗油輸入額,4469533852,thousand_jpy,calendar_year,JPN,WORLD,trade-mof-products-import-annual,2026-09-22,確定値
1990,petroleum_products_imports,石油製品輸入額,1383947696,thousand_jpy,calendar_year,JPN,WORLD,trade-mof-products-import-annual,2026-09-22,確定値
1990,lng_imports,液化天然ガス輸入額,960040596,thousand_jpy,calendar_year,JPN,WORLD,trade-mof-products-import-annual,2026-09-22,確定値
1990,lpg_imports,液化石油ガス輸入額,363129100,thousand_jpy,calendar_year,JPN,WORLD,trade-mof-products-import-annual,2026-09-22,確定値
1990,coal_imports,石炭輸入額,896868750,thousand_jpy,calendar_year,JPN,WORLD,trade-mof-products-import-annual,2026-09-22,確定値
1991,exports,輸出額,42359892974,thousand_jpy,calendar_year,JPN,WORLD,trade-mof-world-annual,2026-09-22,確定値
1991,imports,輸入額,31900153522,thousand_jpy,calendar_year,JPN,WORLD,trade-mof-world-annual,2026-09-22,確定値
1991,trade_balance,貿易収支（通関ベース）,10459739452,thousand_jpy,calendar_year,JPN,WORLD,trade-mof-world-annual,2026-09-22,確定値
1991,mineral_fuels_imports,鉱物性燃料輸入額,7365062591,thousand_jpy,calendar_year,JPN,WORLD,trade-mof-products-import-annual,2026-09-22,確定値
1991,crude_oil_imports,原油及び粗油輸入額,4050770220,thousand_jpy,calendar_year,JPN,WORLD,trade-mof-products-import-annual,2026-09-22,確定値
1991,petroleum_products_imports,石油製品輸入額,1030242898,thousand_jpy,calendar_year,JPN,WORLD,trade-mof-products-import-annual,2026-09-22,確定値
1991,lng_imports,液化天然ガス輸入額,1041623086,thousand_jpy,calendar_year,JPN,WORLD,trade-mof-products-import-annual,2026-09-22,確定値
1991,lpg_imports,液化石油ガス輸入額,370921060,thousand_jpy,calendar_year,JPN,WORLD,trade-mof-products-import-annual,2026-09-22,確定値
1991,coal_imports,石炭輸入額,862111052,thousand_jpy,calendar_year,JPN,WORLD,trade-mof-products-import-annual,2026-09-22,確定値
1992,exports,輸出額,43012281444,thousand_jpy,calendar_year,JPN,WORLD,trade-mof-world-annual,2026-09-22,確定値
1992,imports,輸入額,29527419360,thousand_jpy,calendar_year,JPN,WORLD,trade-mof-world-annual,2026-09-22,確定値
1992,trade_balance,貿易収支（通関ベース）,13484862084,thousand_jpy,calendar_year,JPN,WORLD,trade-mof-world-annual,2026-09-22,確定値
1992,mineral_fuels_imports,鉱物性燃料輸入額,6677511188,thousand_jpy,calendar_year,JPN,WORLD,trade-mof-products-import-annual,2026-09-22,確定値
1992,crude_oil_imports,原油及び粗油輸入額,3812088136,thousand_jpy,calendar_year,JPN,WORLD,trade-mof-products-import-annual,2026-09-22,確定値
1992,petroleum_products_imports,石油製品輸入額,801005528,thousand_jpy,calendar_year,JPN,WORLD,trade-mof-products-import-annual,2026-09-22,確定値
1992,lng_imports,液化天然ガス輸入額,924484448,thousand_jpy,calendar_year,JPN,WORLD,trade-mof-products-import-annual,2026-09-22,確定値
1992,lpg_imports,液化石油ガス輸入額,362600383,thousand_jpy,calendar_year,JPN,WORLD,trade-mof-products-import-annual,2026-09-22,確定値
1992,coal_imports,石炭輸入額,770228391,thousand_jpy,calendar_year,JPN,WORLD,trade-mof-products-import-annual,2026-09-22,確定値
1993,exports,輸出額,40202448725,thousand_jpy,calendar_year,JPN,WORLD,trade-mof-world-annual,2026-09-22,確定値
1993,imports,輸入額,26826357239,thousand_jpy,calendar_year,JPN,WORLD,trade-mof-world-annual,2026-09-22,確定値
1993,trade_balance,貿易収支（通関ベース）,13376091486,thousand_jpy,calendar_year,JPN,WORLD,trade-mof-world-annual,2026-09-22,確定値
1993,mineral_fuels_imports,鉱物性燃料輸入額,5474189383,thousand_jpy,calendar_year,JPN,WORLD,trade-mof-products-import-annual,2026-09-22,確定値
1993,crude_oil_imports,原油及び粗油輸入額,3139201918,thousand_jpy,calendar_year,JPN,WORLD,trade-mof-products-import-annual,2026-09-22,確定値
1993,petroleum_products_imports,石油製品輸入額,578314112,thousand_jpy,calendar_year,JPN,WORLD,trade-mof-products-import-annual,2026-09-22,確定値
1993,lng_imports,液化天然ガス輸入額,798050989,thousand_jpy,calendar_year,JPN,WORLD,trade-mof-products-import-annual,2026-09-22,確定値
1993,lpg_imports,液化石油ガス輸入額,290064398,thousand_jpy,calendar_year,JPN,WORLD,trade-mof-products-import-annual,2026-09-22,確定値
1993,coal_imports,石炭輸入額,660584281,thousand_jpy,calendar_year,JPN,WORLD,trade-mof-products-import-annual,2026-09-22,確定値
1994,exports,輸出額,40497552697,thousand_jpy,calendar_year,JPN,WORLD,trade-mof-world-annual,2026-09-22,確定値
1994,imports,輸入額,28104327343,thousand_jpy,calendar_year,JPN,WORLD,trade-mof-world-annual,2026-09-22,確定値
1994,trade_balance,貿易収支（通関ベース）,12393225354,thousand_jpy,calendar_year,JPN,WORLD,trade-mof-world-annual,2026-09-22,確定値
1994,mineral_fuels_imports,鉱物性燃料輸入額,4890437475,thousand_jpy,calendar_year,JPN,WORLD,trade-mof-products-import-annual,2026-09-22,確定値
1994,crude_oil_imports,原油及び粗油輸入額,2825305917,thousand_jpy,calendar_year,JPN,WORLD,trade-mof-products-import-annual,2026-09-22,確定値
1994,petroleum_products_imports,石油製品輸入額,508948694,thousand_jpy,calendar_year,JPN,WORLD,trade-mof-products-import-annual,2026-09-22,確定値
1994,lng_imports,液化天然ガス輸入額,708965063,thousand_jpy,calendar_year,JPN,WORLD,trade-mof-products-import-annual,2026-09-22,確定値
1994,lpg_imports,液化石油ガス輸入額,253413816,thousand_jpy,calendar_year,JPN,WORLD,trade-mof-products-import-annual,2026-09-22,確定値
1994,coal_imports,石炭輸入額,584150730,thousand_jpy,calendar_year,JPN,WORLD,trade-mof-products-import-annual,2026-09-22,確定値
1995,exports,輸出額,41530895121,thousand_jpy,calendar_year,JPN,WORLD,trade-mof-world-annual,2026-09-22,確定値
1995,imports,輸入額,31548753881,thousand_jpy,calendar_year,JPN,WORLD,trade-mof-world-annual,2026-09-22,確定値
1995,trade_balance,貿易収支（通関ベース）,9982141240,thousand_jpy,calendar_year,JPN,WORLD,trade-mof-world-annual,2026-09-22,確定値
1995,mineral_fuels_imports,鉱物性燃料輸入額,5022873193,thousand_jpy,calendar_year,JPN,WORLD,trade-mof-products-import-annual,2026-09-22,確定値
1995,crude_oil_imports,原油及び粗油輸入額,2820063696,thousand_jpy,calendar_year,JPN,WORLD,trade-mof-products-import-annual,2026-09-22,確定値
1995,petroleum_products_imports,石油製品輸入額,538823222,thousand_jpy,calendar_year,JPN,WORLD,trade-mof-products-import-annual,2026-09-22,確定値
1995,lng_imports,液化天然ガス輸入額,720418724,thousand_jpy,calendar_year,JPN,WORLD,trade-mof-products-import-annual,2026-09-22,確定値
1995,lpg_imports,液化石油ガス輸入額,314212079,thousand_jpy,calendar_year,JPN,WORLD,trade-mof-products-import-annual,2026-09-22,確定値
1995,coal_imports,石炭輸入額,618939935,thousand_jpy,calendar_year,JPN,WORLD,trade-mof-products-import-annual,2026-09-22,確定値
1996,exports,輸出額,44731311206,thousand_jpy,calendar_year,JPN,WORLD,trade-mof-world-annual,2026-09-22,確定値
1996,imports,輸入額,37993421106,thousand_jpy,calendar_year,JPN,WORLD,trade-mof-world-annual,2026-09-22,確定値
1996,trade_balance,貿易収支（通関ベース）,6737890100,thousand_jpy,calendar_year,JPN,WORLD,trade-mof-world-annual,2026-09-22,確定値
1996,mineral_fuels_imports,鉱物性燃料輸入額,6587731789,thousand_jpy,calendar_year,JPN,WORLD,trade-mof-products-import-annual,2026-09-22,確定値
1996,crude_oil_imports,原油及び粗油輸入額,3644236535,thousand_jpy,calendar_year,JPN,WORLD,trade-mof-products-import-annual,2026-09-22,確定値
1996,petroleum_products_imports,石油製品輸入額,850764175,thousand_jpy,calendar_year,JPN,WORLD,trade-mof-products-import-annual,2026-09-22,確定値
1996,lng_imports,液化天然ガス輸入額,940156736,thousand_jpy,calendar_year,JPN,WORLD,trade-mof-products-import-annual,2026-09-22,確定値
1996,lpg_imports,液化石油ガス輸入額,388323675,thousand_jpy,calendar_year,JPN,WORLD,trade-mof-products-import-annual,2026-09-22,確定値
1996,coal_imports,石炭輸入額,751235137,thousand_jpy,calendar_year,JPN,WORLD,trade-mof-products-import-annual,2026-09-22,確定値
1997,exports,輸出額,50937991859,thousand_jpy,calendar_year,JPN,WORLD,trade-mof-world-annual,2026-09-22,確定値
1997,imports,輸入額,40956182573,thousand_jpy,calendar_year,JPN,WORLD,trade-mof-world-annual,2026-09-22,確定値
1997,trade_balance,貿易収支（通関ベース）,9981809286,thousand_jpy,calendar_year,JPN,WORLD,trade-mof-world-annual,2026-09-22,確定値
1997,mineral_fuels_imports,鉱物性燃料輸入額,7542455819,thousand_jpy,calendar_year,JPN,WORLD,trade-mof-products-import-annual,2026-09-22,確定値
1997,crude_oil_imports,原油及び粗油輸入額,4217387604,thousand_jpy,calendar_year,JPN,WORLD,trade-mof-products-import-annual,2026-09-22,確定値
1997,petroleum_products_imports,石油製品輸入額,837686560,thousand_jpy,calendar_year,JPN,WORLD,trade-mof-products-import-annual,2026-09-22,確定値
1997,lng_imports,液化天然ガス輸入額,1155447140,thousand_jpy,calendar_year,JPN,WORLD,trade-mof-products-import-annual,2026-09-22,確定値
1997,lpg_imports,液化石油ガス輸入額,488058549,thousand_jpy,calendar_year,JPN,WORLD,trade-mof-products-import-annual,2026-09-22,確定値
1997,coal_imports,石炭輸入額,823253664,thousand_jpy,calendar_year,JPN,WORLD,trade-mof-products-import-annual,2026-09-22,確定値
1998,exports,輸出額,50645003938,thousand_jpy,calendar_year,JPN,WORLD,trade-mof-world-annual,2026-09-22,確定値
1998,imports,輸入額,36653647183,thousand_jpy,calendar_year,JPN,WORLD,trade-mof-world-annual,2026-09-22,確定値
1998,trade_balance,貿易収支（通関ベース）,13991356755,thousand_jpy,calendar_year,JPN,WORLD,trade-mof-world-annual,2026-09-22,確定値
1998,mineral_fuels_imports,鉱物性燃料輸入額,5623158810,thousand_jpy,calendar_year,JPN,WORLD,trade-mof-products-import-annual,2026-09-22,確定値
1998,crude_oil_imports,原油及び粗油輸入額,2930363659,thousand_jpy,calendar_year,JPN,WORLD,trade-mof-products-import-annual,2026-09-22,確定値
1998,petroleum_products_imports,石油製品輸入額,533757886,thousand_jpy,calendar_year,JPN,WORLD,trade-mof-products-import-annual,2026-09-22,確定値
1998,lng_imports,液化天然ガス輸入額,1016014525,thousand_jpy,calendar_year,JPN,WORLD,trade-mof-products-import-annual,2026-09-22,確定値
1998,lpg_imports,液化石油ガス輸入額,325609208,thousand_jpy,calendar_year,JPN,WORLD,trade-mof-products-import-annual,2026-09-22,確定値
1998,coal_imports,石炭輸入額,800972888,thousand_jpy,calendar_year,JPN,WORLD,trade-mof-products-import-annual,2026-09-22,確定値
1999,exports,輸出額,47547556241,thousand_jpy,calendar_year,JPN,WORLD,trade-mof-world-annual,2026-09-22,確定値
1999,imports,輸入額,35268008063,thousand_jpy,calendar_year,JPN,WORLD,trade-mof-world-annual,2026-09-22,確定値
1999,trade_balance,貿易収支（通関ベース）,12279548178,thousand_jpy,calendar_year,JPN,WORLD,trade-mof-world-annual,2026-09-22,確定値
1999,mineral_fuels_imports,鉱物性燃料輸入額,5646301223,thousand_jpy,calendar_year,JPN,WORLD,trade-mof-products-import-annual,2026-09-22,確定値
1999,crude_oil_imports,原油及び粗油輸入額,3040166114,thousand_jpy,calendar_year,JPN,WORLD,trade-mof-products-import-annual,2026-09-22,確定値
1999,petroleum_products_imports,石油製品輸入額,655986367,thousand_jpy,calendar_year,JPN,WORLD,trade-mof-products-import-annual,2026-09-22,確定値
1999,lng_imports,液化天然ガス輸入額,952263204,thousand_jpy,calendar_year,JPN,WORLD,trade-mof-products-import-annual,2026-09-22,確定値
1999,lpg_imports,液化石油ガス輸入額,362659231,thousand_jpy,calendar_year,JPN,WORLD,trade-mof-products-import-annual,2026-09-22,確定値
1999,coal_imports,石炭輸入額,620117145,thousand_jpy,calendar_year,JPN,WORLD,trade-mof-products-import-annual,2026-09-22,確定値
2000,exports,輸出額,51654197760,thousand_jpy,calendar_year,JPN,WORLD,trade-mof-world-annual,2026-09-22,確定値
2000,imports,輸入額,40938422968,thousand_jpy,calendar_year,JPN,WORLD,trade-mof-world-annual,2026-09-22,確定値
2000,trade_balance,貿易収支（通関ベース）,10715774792,thousand_jpy,calendar_year,JPN,WORLD,trade-mof-world-annual,2026-09-22,確定値
2000,mineral_fuels_imports,鉱物性燃料輸入額,8316638006,thousand_jpy,calendar_year,JPN,WORLD,trade-mof-products-import-annual,2026-09-22,確定値
2000,crude_oil_imports,原油及び粗油輸入額,4818852915,thousand_jpy,calendar_year,JPN,WORLD,trade-mof-products-import-annual,2026-09-22,確定値
2000,petroleum_products_imports,石油製品輸入額,953189935,thousand_jpy,calendar_year,JPN,WORLD,trade-mof-products-import-annual,2026-09-22,確定値
2000,lng_imports,液化天然ガス輸入額,1405517856,thousand_jpy,calendar_year,JPN,WORLD,trade-mof-products-import-annual,2026-09-22,確定値
2000,lpg_imports,液化石油ガス輸入額,529229212,thousand_jpy,calendar_year,JPN,WORLD,trade-mof-products-import-annual,2026-09-22,確定値
2000,coal_imports,石炭輸入額,583263158,thousand_jpy,calendar_year,JPN,WORLD,trade-mof-products-import-annual,2026-09-22,確定値
2001,exports,輸出額,48979244311,thousand_jpy,calendar_year,JPN,WORLD,trade-mof-world-annual,2026-09-22,確定値
2001,imports,輸入額,42415533002,thousand_jpy,calendar_year,JPN,WORLD,trade-mof-world-annual,2026-09-22,確定値
2001,trade_balance,貿易収支（通関ベース）,6563711309,thousand_jpy,calendar_year,JPN,WORLD,trade-mof-world-annual,2026-09-22,確定値
2001,mineral_fuels_imports,鉱物性燃料輸入額,8523657400,thousand_jpy,calendar_year,JPN,WORLD,trade-mof-products-import-annual,2026-09-22,確定値
2001,crude_oil_imports,原油及び粗油輸入額,4718360330,thousand_jpy,calendar_year,JPN,WORLD,trade-mof-products-import-annual,2026-09-22,確定値
2001,petroleum_products_imports,石油製品輸入額,903101650,thousand_jpy,calendar_year,JPN,WORLD,trade-mof-products-import-annual,2026-09-22,確定値
2001,lng_imports,液化天然ガス輸入額,1593919007,thousand_jpy,calendar_year,JPN,WORLD,trade-mof-products-import-annual,2026-09-22,確定値
2001,lpg_imports,液化石油ガス輸入額,531954314,thousand_jpy,calendar_year,JPN,WORLD,trade-mof-products-import-annual,2026-09-22,確定値
2001,coal_imports,石炭輸入額,752692255,thousand_jpy,calendar_year,JPN,WORLD,trade-mof-products-import-annual,2026-09-22,確定値
2002,exports,輸出額,52108955735,thousand_jpy,calendar_year,JPN,WORLD,trade-mof-world-annual,2026-09-22,確定値
2002,imports,輸入額,42227505945,thousand_jpy,calendar_year,JPN,WORLD,trade-mof-world-annual,2026-09-22,確定値
2002,trade_balance,貿易収支（通関ベース）,9881449790,thousand_jpy,calendar_year,JPN,WORLD,trade-mof-world-annual,2026-09-22,確定値
2002,mineral_fuels_imports,鉱物性燃料輸入額,8173924898,thousand_jpy,calendar_year,JPN,WORLD,trade-mof-products-import-annual,2026-09-22,確定値
2002,crude_oil_imports,原油及び粗油輸入額,4573106440,thousand_jpy,calendar_year,JPN,WORLD,trade-mof-products-import-annual,2026-09-22,確定値
2002,petroleum_products_imports,石油製品輸入額,822653656,thousand_jpy,calendar_year,JPN,WORLD,trade-mof-products-import-annual,2026-09-22,確定値
2002,lng_imports,液化天然ガス輸入額,1491986081,thousand_jpy,calendar_year,JPN,WORLD,trade-mof-products-import-annual,2026-09-22,確定値
2002,lpg_imports,液化石油ガス輸入額,474172755,thousand_jpy,calendar_year,JPN,WORLD,trade-mof-products-import-annual,2026-09-22,確定値
2002,coal_imports,石炭輸入額,785982071,thousand_jpy,calendar_year,JPN,WORLD,trade-mof-products-import-annual,2026-09-22,確定値
2003,exports,輸出額,54548350172,thousand_jpy,calendar_year,JPN,WORLD,trade-mof-world-annual,2026-09-22,確定値
2003,imports,輸入額,44362023352,thousand_jpy,calendar_year,JPN,WORLD,trade-mof-world-annual,2026-09-22,確定値
2003,trade_balance,貿易収支（通関ベース）,10186326820,thousand_jpy,calendar_year,JPN,WORLD,trade-mof-world-annual,2026-09-22,確定値
2003,mineral_fuels_imports,鉱物性燃料輸入額,9349924242,thousand_jpy,calendar_year,JPN,WORLD,trade-mof-products-import-annual,2026-09-22,確定値
2003,crude_oil_imports,原油及び粗油輸入額,5328392168,thousand_jpy,calendar_year,JPN,WORLD,trade-mof-products-import-annual,2026-09-22,確定値
2003,petroleum_products_imports,石油製品輸入額,995832779,thousand_jpy,calendar_year,JPN,WORLD,trade-mof-products-import-annual,2026-09-22,確定値
2003,lng_imports,液化天然ガス輸入額,1695312314,thousand_jpy,calendar_year,JPN,WORLD,trade-mof-products-import-annual,2026-09-22,確定値
2003,lpg_imports,液化石油ガス輸入額,543452984,thousand_jpy,calendar_year,JPN,WORLD,trade-mof-products-import-annual,2026-09-22,確定値
2003,coal_imports,石炭輸入額,743901825,thousand_jpy,calendar_year,JPN,WORLD,trade-mof-products-import-annual,2026-09-22,確定値
2004,exports,輸出額,61169979094,thousand_jpy,calendar_year,JPN,WORLD,trade-mof-world-annual,2026-09-22,確定値
2004,imports,輸入額,49216636346,thousand_jpy,calendar_year,JPN,WORLD,trade-mof-world-annual,2026-09-22,確定値
2004,trade_balance,貿易収支（通関ベース）,11953342748,thousand_jpy,calendar_year,JPN,WORLD,trade-mof-world-annual,2026-09-22,確定値
2004,mineral_fuels_imports,鉱物性燃料輸入額,10670589631,thousand_jpy,calendar_year,JPN,WORLD,trade-mof-products-import-annual,2026-09-22,確定値
2004,crude_oil_imports,原油及び粗油輸入額,6065105471,thousand_jpy,calendar_year,JPN,WORLD,trade-mof-products-import-annual,2026-09-22,確定値
2004,petroleum_products_imports,石油製品輸入額,1191505608,thousand_jpy,calendar_year,JPN,WORLD,trade-mof-products-import-annual,2026-09-22,確定値
2004,lng_imports,液化天然ガス輸入額,1649795161,thousand_jpy,calendar_year,JPN,WORLD,trade-mof-products-import-annual,2026-09-22,確定値
2004,lpg_imports,液化石油ガス輸入額,564338287,thousand_jpy,calendar_year,JPN,WORLD,trade-mof-products-import-annual,2026-09-22,確定値
2004,coal_imports,石炭輸入額,1093775033,thousand_jpy,calendar_year,JPN,WORLD,trade-mof-products-import-annual,2026-09-22,確定値
2005,exports,輸出額,65656544157,thousand_jpy,calendar_year,JPN,WORLD,trade-mof-world-annual,2026-09-22,確定値
2005,imports,輸入額,56949392181,thousand_jpy,calendar_year,JPN,WORLD,trade-mof-world-annual,2026-09-22,確定値
2005,trade_balance,貿易収支（通関ベース）,8707151976,thousand_jpy,calendar_year,JPN,WORLD,trade-mof-world-annual,2026-09-22,確定値
2005,mineral_fuels_imports,鉱物性燃料輸入額,14559732345,thousand_jpy,calendar_year,JPN,WORLD,trade-mof-products-import-annual,2026-09-22,確定値
2005,crude_oil_imports,原油及び粗油輸入額,8823323438,thousand_jpy,calendar_year,JPN,WORLD,trade-mof-products-import-annual,2026-09-22,確定値
2005,petroleum_products_imports,石油製品輸入額,1477669029,thousand_jpy,calendar_year,JPN,WORLD,trade-mof-products-import-annual,2026-09-22,確定値
2005,lng_imports,液化天然ガス輸入額,1985329027,thousand_jpy,calendar_year,JPN,WORLD,trade-mof-products-import-annual,2026-09-22,確定値
2005,lpg_imports,液化石油ガス輸入額,686035177,thousand_jpy,calendar_year,JPN,WORLD,trade-mof-products-import-annual,2026-09-22,確定値
2005,coal_imports,石炭輸入額,1512826318,thousand_jpy,calendar_year,JPN,WORLD,trade-mof-products-import-annual,2026-09-22,確定値
2006,exports,輸出額,75246173392,thousand_jpy,calendar_year,JPN,WORLD,trade-mof-world-annual,2026-09-22,確定値
2006,imports,輸入額,67344293072,thousand_jpy,calendar_year,JPN,WORLD,trade-mof-world-annual,2026-09-22,確定値
2006,trade_balance,貿易収支（通関ベース）,7901880320,thousand_jpy,calendar_year,JPN,WORLD,trade-mof-world-annual,2026-09-22,確定値
2006,mineral_fuels_imports,鉱物性燃料輸入額,18656553060,thousand_jpy,calendar_year,JPN,WORLD,trade-mof-products-import-annual,2026-09-22,確定値
2006,crude_oil_imports,原油及び粗油輸入額,11535081892,thousand_jpy,calendar_year,JPN,WORLD,trade-mof-products-import-annual,2026-09-22,確定値
2006,petroleum_products_imports,石油製品輸入額,1866750793,thousand_jpy,calendar_year,JPN,WORLD,trade-mof-products-import-annual,2026-09-22,確定値
2006,lng_imports,液化天然ガス輸入額,2659474185,thousand_jpy,calendar_year,JPN,WORLD,trade-mof-products-import-annual,2026-09-22,確定値
2006,lpg_imports,液化石油ガス輸入額,940593215,thousand_jpy,calendar_year,JPN,WORLD,trade-mof-products-import-annual,2026-09-22,確定値
2006,coal_imports,石炭輸入額,1611924010,thousand_jpy,calendar_year,JPN,WORLD,trade-mof-products-import-annual,2026-09-22,確定値
2007,exports,輸出額,83931437612,thousand_jpy,calendar_year,JPN,WORLD,trade-mof-world-annual,2026-09-22,確定値
2007,imports,輸入額,73135920427,thousand_jpy,calendar_year,JPN,WORLD,trade-mof-world-annual,2026-09-22,確定値
2007,trade_balance,貿易収支（通関ベース）,10795517185,thousand_jpy,calendar_year,JPN,WORLD,trade-mof-world-annual,2026-09-22,確定値
2007,mineral_fuels_imports,鉱物性燃料輸入額,20206104914,thousand_jpy,calendar_year,JPN,WORLD,trade-mof-products-import-annual,2026-09-22,確定値
2007,crude_oil_imports,原油及び粗油輸入額,12278826813,thousand_jpy,calendar_year,JPN,WORLD,trade-mof-products-import-annual,2026-09-22,確定値
2007,petroleum_products_imports,石油製品輸入額,1981595816,thousand_jpy,calendar_year,JPN,WORLD,trade-mof-products-import-annual,2026-09-22,確定値
2007,lng_imports,液化天然ガス輸入額,3140266006,thousand_jpy,calendar_year,JPN,WORLD,trade-mof-products-import-annual,2026-09-22,確定値
2007,lpg_imports,液化石油ガス輸入額,991854979,thousand_jpy,calendar_year,JPN,WORLD,trade-mof-products-import-annual,2026-09-22,確定値
2007,coal_imports,石炭輸入額,1740464536,thousand_jpy,calendar_year,JPN,WORLD,trade-mof-products-import-annual,2026-09-22,確定値
2008,exports,輸出額,81018087607,thousand_jpy,calendar_year,JPN,WORLD,trade-mof-world-annual,2026-09-22,確定値
2008,imports,輸入額,78954749926,thousand_jpy,calendar_year,JPN,WORLD,trade-mof-world-annual,2026-09-22,確定値
2008,trade_balance,貿易収支（通関ベース）,2063337681,thousand_jpy,calendar_year,JPN,WORLD,trade-mof-world-annual,2026-09-22,確定値
2008,mineral_fuels_imports,鉱物性燃料輸入額,27658249531,thousand_jpy,calendar_year,JPN,WORLD,trade-mof-products-import-annual,2026-09-22,確定値
2008,crude_oil_imports,原油及び粗油輸入額,16262038518,thousand_jpy,calendar_year,JPN,WORLD,trade-mof-products-import-annual,2026-09-22,確定値
2008,petroleum_products_imports,石油製品輸入額,2378766000,thousand_jpy,calendar_year,JPN,WORLD,trade-mof-products-import-annual,2026-09-22,確定値
2008,lng_imports,液化天然ガス輸入額,4652495060,thousand_jpy,calendar_year,JPN,WORLD,trade-mof-products-import-annual,2026-09-22,確定値
2008,lpg_imports,液化石油ガス輸入額,1207616625,thousand_jpy,calendar_year,JPN,WORLD,trade-mof-products-import-annual,2026-09-22,確定値
2008,coal_imports,石炭輸入額,3050504010,thousand_jpy,calendar_year,JPN,WORLD,trade-mof-products-import-annual,2026-09-22,確定値
2009,exports,輸出額,54170614088,thousand_jpy,calendar_year,JPN,WORLD,trade-mof-world-annual,2026-09-22,確定値
2009,imports,輸入額,51499377779,thousand_jpy,calendar_year,JPN,WORLD,trade-mof-world-annual,2026-09-22,確定値
2009,trade_balance,貿易収支（通関ベース）,2671236309,thousand_jpy,calendar_year,JPN,WORLD,trade-mof-world-annual,2026-09-22,確定値
2009,mineral_fuels_imports,鉱物性燃料輸入額,14201601552,thousand_jpy,calendar_year,JPN,WORLD,trade-mof-products-import-annual,2026-09-22,確定値
2009,crude_oil_imports,原油及び粗油輸入額,7563768382,thousand_jpy,calendar_year,JPN,WORLD,trade-mof-products-import-annual,2026-09-22,確定値
2009,petroleum_products_imports,石油製品輸入額,1145132945,thousand_jpy,calendar_year,JPN,WORLD,trade-mof-products-import-annual,2026-09-22,確定値
2009,lng_imports,液化天然ガス輸入額,2827247628,thousand_jpy,calendar_year,JPN,WORLD,trade-mof-products-import-annual,2026-09-22,確定値
2009,lpg_imports,液化石油ガス輸入額,591568076,thousand_jpy,calendar_year,JPN,WORLD,trade-mof-products-import-annual,2026-09-22,確定値
2009,coal_imports,石炭輸入額,2056908542,thousand_jpy,calendar_year,JPN,WORLD,trade-mof-products-import-annual,2026-09-22,確定値
2010,exports,輸出額,67399626696,thousand_jpy,calendar_year,JPN,WORLD,trade-mof-world-annual,2026-09-22,確定値
2010,imports,輸入額,60764956840,thousand_jpy,calendar_year,JPN,WORLD,trade-mof-world-annual,2026-09-22,確定値
2010,trade_balance,貿易収支（通関ベース）,6634669856,thousand_jpy,calendar_year,JPN,WORLD,trade-mof-world-annual,2026-09-22,確定値
2010,mineral_fuels_imports,鉱物性燃料輸入額,17397958076,thousand_jpy,calendar_year,JPN,WORLD,trade-mof-products-import-annual,2026-09-22,確定値
2010,crude_oil_imports,原油及び粗油輸入額,9405875538,thousand_jpy,calendar_year,JPN,WORLD,trade-mof-products-import-annual,2026-09-22,確定値
2010,petroleum_products_imports,石油製品輸入額,1592852394,thousand_jpy,calendar_year,JPN,WORLD,trade-mof-products-import-annual,2026-09-22,確定値
2010,lng_imports,液化天然ガス輸入額,3471846720,thousand_jpy,calendar_year,JPN,WORLD,trade-mof-products-import-annual,2026-09-22,確定値
2010,lpg_imports,液化石油ガス輸入額,779654285,thousand_jpy,calendar_year,JPN,WORLD,trade-mof-products-import-annual,2026-09-22,確定値
2010,coal_imports,石炭輸入額,2110698929,thousand_jpy,calendar_year,JPN,WORLD,trade-mof-products-import-annual,2026-09-22,確定値
2011,exports,輸出額,65546474948,thousand_jpy,calendar_year,JPN,WORLD,trade-mof-world-annual,2026-09-22,確定値
2011,imports,輸入額,68111187178,thousand_jpy,calendar_year,JPN,WORLD,trade-mof-world-annual,2026-09-22,確定値
2011,trade_balance,貿易収支（通関ベース）,-2564712230,thousand_jpy,calendar_year,JPN,WORLD,trade-mof-world-annual,2026-09-22,確定値
2011,mineral_fuels_imports,鉱物性燃料輸入額,21816149808,thousand_jpy,calendar_year,JPN,WORLD,trade-mof-products-import-annual,2026-09-22,確定値
2011,crude_oil_imports,原油及び粗油輸入額,11414740691,thousand_jpy,calendar_year,JPN,WORLD,trade-mof-products-import-annual,2026-09-22,確定値
2011,petroleum_products_imports,石油製品輸入額,2226140582,thousand_jpy,calendar_year,JPN,WORLD,trade-mof-products-import-annual,2026-09-22,確定値
2011,lng_imports,液化天然ガス輸入額,4787162723,thousand_jpy,calendar_year,JPN,WORLD,trade-mof-products-import-annual,2026-09-22,確定値
2011,lpg_imports,液化石油ガス輸入額,891531692,thousand_jpy,calendar_year,JPN,WORLD,trade-mof-products-import-annual,2026-09-22,確定値
2011,coal_imports,石炭輸入額,2459154834,thousand_jpy,calendar_year,JPN,WORLD,trade-mof-products-import-annual,2026-09-22,確定値
2012,exports,輸出額,63747572215,thousand_jpy,calendar_year,JPN,WORLD,trade-mof-world-annual,2026-09-22,確定値
2012,imports,輸入額,70688631840,thousand_jpy,calendar_year,JPN,WORLD,trade-mof-world-annual,2026-09-22,確定値
2012,trade_balance,貿易収支（通関ベース）,-6941059625,thousand_jpy,calendar_year,JPN,WORLD,trade-mof-world-annual,2026-09-22,確定値
2012,mineral_fuels_imports,鉱物性燃料輸入額,24088213847,thousand_jpy,calendar_year,JPN,WORLD,trade-mof-products-import-annual,2026-09-22,確定値
2012,crude_oil_imports,原油及び粗油輸入額,12247216292,thousand_jpy,calendar_year,JPN,WORLD,trade-mof-products-import-annual,2026-09-22,確定値
2012,petroleum_products_imports,石油製品輸入額,2461758127,thousand_jpy,calendar_year,JPN,WORLD,trade-mof-products-import-annual,2026-09-22,確定値
2012,lng_imports,液化天然ガス輸入額,6003679569,thousand_jpy,calendar_year,JPN,WORLD,trade-mof-products-import-annual,2026-09-22,確定値
2012,lpg_imports,液化石油ガス輸入額,1021699902,thousand_jpy,calendar_year,JPN,WORLD,trade-mof-products-import-annual,2026-09-22,確定値
2012,coal_imports,石炭輸入額,2320585633,thousand_jpy,calendar_year,JPN,WORLD,trade-mof-products-import-annual,2026-09-22,確定値
2013,exports,輸出額,69774192950,thousand_jpy,calendar_year,JPN,WORLD,trade-mof-world-annual,2026-09-22,確定値
2013,imports,輸入額,81242545171,thousand_jpy,calendar_year,JPN,WORLD,trade-mof-world-annual,2026-09-22,確定値
2013,trade_balance,貿易収支（通関ベース）,-11468352221,thousand_jpy,calendar_year,JPN,WORLD,trade-mof-world-annual,2026-09-22,確定値
2013,mineral_fuels_imports,鉱物性燃料輸入額,27443829586,thousand_jpy,calendar_year,JPN,WORLD,trade-mof-products-import-annual,2026-09-22,確定値
2013,crude_oil_imports,原油及び粗油輸入額,14244807499,thousand_jpy,calendar_year,JPN,WORLD,trade-mof-products-import-annual,2026-09-22,確定値
2013,petroleum_products_imports,石油製品輸入額,2705365045,thousand_jpy,calendar_year,JPN,WORLD,trade-mof-products-import-annual,2026-09-22,確定値
2013,lng_imports,液化天然ガス輸入額,7058951201,thousand_jpy,calendar_year,JPN,WORLD,trade-mof-products-import-annual,2026-09-22,確定値
2013,lpg_imports,液化石油ガス輸入額,1072274569,thousand_jpy,calendar_year,JPN,WORLD,trade-mof-products-import-annual,2026-09-22,確定値
2013,coal_imports,石炭輸入額,2307298426,thousand_jpy,calendar_year,JPN,WORLD,trade-mof-products-import-annual,2026-09-22,確定値
2014,exports,輸出額,73093028311,thousand_jpy,calendar_year,JPN,WORLD,trade-mof-world-annual,2026-09-22,確定値
2014,imports,輸入額,85909112733,thousand_jpy,calendar_year,JPN,WORLD,trade-mof-world-annual,2026-09-22,確定値
2014,trade_balance,貿易収支（通関ベース）,-12816084422,thousand_jpy,calendar_year,JPN,WORLD,trade-mof-world-annual,2026-09-22,確定値
2014,mineral_fuels_imports,鉱物性燃料輸入額,27692447035,thousand_jpy,calendar_year,JPN,WORLD,trade-mof-products-import-annual,2026-09-22,確定値
2014,crude_oil_imports,原油及び粗油輸入額,13873424961,thousand_jpy,calendar_year,JPN,WORLD,trade-mof-products-import-annual,2026-09-22,確定値
2014,petroleum_products_imports,石油製品輸入額,2707456263,thousand_jpy,calendar_year,JPN,WORLD,trade-mof-products-import-annual,2026-09-22,確定値
2014,lng_imports,液化天然ガス輸入額,7850895605,thousand_jpy,calendar_year,JPN,WORLD,trade-mof-products-import-annual,2026-09-22,確定値
2014,lpg_imports,液化石油ガス輸入額,1086471635,thousand_jpy,calendar_year,JPN,WORLD,trade-mof-products-import-annual,2026-09-22,確定値
2014,coal_imports,石炭輸入額,2085513089,thousand_jpy,calendar_year,JPN,WORLD,trade-mof-products-import-annual,2026-09-22,確定値
2015,exports,輸出額,75613928862,thousand_jpy,calendar_year,JPN,WORLD,trade-mof-world-annual,2026-09-22,確定値
2015,imports,輸入額,78405535793,thousand_jpy,calendar_year,JPN,WORLD,trade-mof-world-annual,2026-09-22,確定値
2015,trade_balance,貿易収支（通関ベース）,-2791606931,thousand_jpy,calendar_year,JPN,WORLD,trade-mof-world-annual,2026-09-22,確定値
2015,mineral_fuels_imports,鉱物性燃料輸入額,18218145636,thousand_jpy,calendar_year,JPN,WORLD,trade-mof-products-import-annual,2026-09-22,確定値
2015,crude_oil_imports,原油及び粗油輸入額,8184754689,thousand_jpy,calendar_year,JPN,WORLD,trade-mof-products-import-annual,2026-09-22,確定値
2015,petroleum_products_imports,石油製品輸入額,1821589137,thousand_jpy,calendar_year,JPN,WORLD,trade-mof-products-import-annual,2026-09-22,確定値
2015,lng_imports,液化天然ガス輸入額,5514120576,thousand_jpy,calendar_year,JPN,WORLD,trade-mof-products-import-annual,2026-09-22,確定値
2015,lpg_imports,液化石油ガス輸入額,650655255,thousand_jpy,calendar_year,JPN,WORLD,trade-mof-products-import-annual,2026-09-22,確定値
2015,coal_imports,石炭輸入額,1974299625,thousand_jpy,calendar_year,JPN,WORLD,trade-mof-products-import-annual,2026-09-22,確定値
2016,exports,輸出額,70035770383,thousand_jpy,calendar_year,JPN,WORLD,trade-mof-world-annual,2026-09-22,確定値
2016,imports,輸入額,66041973885,thousand_jpy,calendar_year,JPN,WORLD,trade-mof-world-annual,2026-09-22,確定値
2016,trade_balance,貿易収支（通関ベース）,3993796498,thousand_jpy,calendar_year,JPN,WORLD,trade-mof-world-annual,2026-09-22,確定値
2016,mineral_fuels_imports,鉱物性燃料輸入額,12052006637,thousand_jpy,calendar_year,JPN,WORLD,trade-mof-products-import-annual,2026-09-22,確定値
2016,crude_oil_imports,原油及び粗油輸入額,5531893663,thousand_jpy,calendar_year,JPN,WORLD,trade-mof-products-import-annual,2026-09-22,確定値
2016,petroleum_products_imports,石油製品輸入額,1074397583,thousand_jpy,calendar_year,JPN,WORLD,trade-mof-products-import-annual,2026-09-22,確定値
2016,lng_imports,液化天然ガス輸入額,3281622171,thousand_jpy,calendar_year,JPN,WORLD,trade-mof-products-import-annual,2026-09-22,確定値
2016,lpg_imports,液化石油ガス輸入額,447490756,thousand_jpy,calendar_year,JPN,WORLD,trade-mof-products-import-annual,2026-09-22,確定値
2016,coal_imports,石炭輸入額,1665165947,thousand_jpy,calendar_year,JPN,WORLD,trade-mof-products-import-annual,2026-09-22,確定値
2017,exports,輸出額,78286457048,thousand_jpy,calendar_year,JPN,WORLD,trade-mof-world-annual,2026-09-22,確定値
2017,imports,輸入額,75379231107,thousand_jpy,calendar_year,JPN,WORLD,trade-mof-world-annual,2026-09-22,確定値
2017,trade_balance,貿易収支（通関ベース）,2907225941,thousand_jpy,calendar_year,JPN,WORLD,trade-mof-world-annual,2026-09-22,確定値
2017,mineral_fuels_imports,鉱物性燃料輸入額,15839991985,thousand_jpy,calendar_year,JPN,WORLD,trade-mof-products-import-annual,2026-09-22,確定値
2017,crude_oil_imports,原油及び粗油輸入額,7154940901,thousand_jpy,calendar_year,JPN,WORLD,trade-mof-products-import-annual,2026-09-22,確定値
2017,petroleum_products_imports,石油製品輸入額,1544242323,thousand_jpy,calendar_year,JPN,WORLD,trade-mof-products-import-annual,2026-09-22,確定値
2017,lng_imports,液化天然ガス輸入額,3917267800,thousand_jpy,calendar_year,JPN,WORLD,trade-mof-products-import-annual,2026-09-22,確定値
2017,lpg_imports,液化石油ガス輸入額,604922465,thousand_jpy,calendar_year,JPN,WORLD,trade-mof-products-import-annual,2026-09-22,確定値
2017,coal_imports,石炭輸入額,2570263351,thousand_jpy,calendar_year,JPN,WORLD,trade-mof-products-import-annual,2026-09-22,確定値
2018,exports,輸出額,81478752674,thousand_jpy,calendar_year,JPN,WORLD,trade-mof-world-annual,2026-09-22,確定値
2018,imports,輸入額,82703304395,thousand_jpy,calendar_year,JPN,WORLD,trade-mof-world-annual,2026-09-22,確定値
2018,trade_balance,貿易収支（通関ベース）,-1224551721,thousand_jpy,calendar_year,JPN,WORLD,trade-mof-world-annual,2026-09-22,確定値
2018,mineral_fuels_imports,鉱物性燃料輸入額,19294048227,thousand_jpy,calendar_year,JPN,WORLD,trade-mof-products-import-annual,2026-09-22,確定値
2018,crude_oil_imports,原油及び粗油輸入額,8906272816,thousand_jpy,calendar_year,JPN,WORLD,trade-mof-products-import-annual,2026-09-22,確定値
2018,petroleum_products_imports,石油製品輸入額,2073963563,thousand_jpy,calendar_year,JPN,WORLD,trade-mof-products-import-annual,2026-09-22,確定値
2018,lng_imports,液化天然ガス輸入額,4738938853,thousand_jpy,calendar_year,JPN,WORLD,trade-mof-products-import-annual,2026-09-22,確定値
2018,lpg_imports,液化石油ガス輸入額,690892181,thousand_jpy,calendar_year,JPN,WORLD,trade-mof-products-import-annual,2026-09-22,確定値
2018,coal_imports,石炭輸入額,2812123913,thousand_jpy,calendar_year,JPN,WORLD,trade-mof-products-import-annual,2026-09-22,確定値
2019,exports,輸出額,76931664915,thousand_jpy,calendar_year,JPN,WORLD,trade-mof-world-annual,2026-09-22,確定値
2019,imports,輸入額,78599509951,thousand_jpy,calendar_year,JPN,WORLD,trade-mof-world-annual,2026-09-22,確定値
2019,trade_balance,貿易収支（通関ベース）,-1667845036,thousand_jpy,calendar_year,JPN,WORLD,trade-mof-world-annual,2026-09-22,確定値
2019,mineral_fuels_imports,鉱物性燃料輸入額,16950647656,thousand_jpy,calendar_year,JPN,WORLD,trade-mof-products-import-annual,2026-09-22,確定値
2019,crude_oil_imports,原油及び粗油輸入額,7969046194,thousand_jpy,calendar_year,JPN,WORLD,trade-mof-products-import-annual,2026-09-22,確定値
2019,petroleum_products_imports,石油製品輸入額,1537288379,thousand_jpy,calendar_year,JPN,WORLD,trade-mof-products-import-annual,2026-09-22,確定値
2019,lng_imports,液化天然ガス輸入額,4349779154,thousand_jpy,calendar_year,JPN,WORLD,trade-mof-products-import-annual,2026-09-22,確定値
2019,lpg_imports,液化石油ガス輸入額,532751242,thousand_jpy,calendar_year,JPN,WORLD,trade-mof-products-import-annual,2026-09-22,確定値
2019,coal_imports,石炭輸入額,2528242883,thousand_jpy,calendar_year,JPN,WORLD,trade-mof-products-import-annual,2026-09-22,確定値
2020,exports,輸出額,68399121047,thousand_jpy,calendar_year,JPN,WORLD,trade-mof-world-annual,2026-09-22,確定値
2020,imports,輸入額,68010831589,thousand_jpy,calendar_year,JPN,WORLD,trade-mof-world-annual,2026-09-22,確定値
2020,trade_balance,貿易収支（通関ベース）,388289458,thousand_jpy,calendar_year,JPN,WORLD,trade-mof-world-annual,2026-09-22,確定値
2020,mineral_fuels_imports,鉱物性燃料輸入額,11254098773,thousand_jpy,calendar_year,JPN,WORLD,trade-mof-products-import-annual,2026-09-22,確定値
2020,crude_oil_imports,原油及び粗油輸入額,4646424381,thousand_jpy,calendar_year,JPN,WORLD,trade-mof-products-import-annual,2026-09-22,確定値
2020,petroleum_products_imports,石油製品輸入額,1245152973,thousand_jpy,calendar_year,JPN,WORLD,trade-mof-products-import-annual,2026-09-22,確定値
2020,lng_imports,液化天然ガス輸入額,3205056053,thousand_jpy,calendar_year,JPN,WORLD,trade-mof-products-import-annual,2026-09-22,確定値
2020,lpg_imports,液化石油ガス輸入額,430480587,thousand_jpy,calendar_year,JPN,WORLD,trade-mof-products-import-annual,2026-09-22,確定値
2020,coal_imports,石炭輸入額,1707597618,thousand_jpy,calendar_year,JPN,WORLD,trade-mof-products-import-annual,2026-09-22,確定値
2021,exports,輸出額,83091420293,thousand_jpy,calendar_year,JPN,WORLD,trade-mof-world-annual,2026-09-22,確定値
2021,imports,輸入額,84875044591,thousand_jpy,calendar_year,JPN,WORLD,trade-mof-world-annual,2026-09-22,確定値
2021,trade_balance,貿易収支（通関ベース）,-1783624298,thousand_jpy,calendar_year,JPN,WORLD,trade-mof-world-annual,2026-09-22,確定値
2021,mineral_fuels_imports,鉱物性燃料輸入額,17007139187,thousand_jpy,calendar_year,JPN,WORLD,trade-mof-products-import-annual,2026-09-22,確定値
2021,crude_oil_imports,原油及び粗油輸入額,6929115230,thousand_jpy,calendar_year,JPN,WORLD,trade-mof-products-import-annual,2026-09-22,確定値
2021,petroleum_products_imports,石油製品輸入額,2140136203,thousand_jpy,calendar_year,JPN,WORLD,trade-mof-products-import-annual,2026-09-22,確定値
2021,lng_imports,液化天然ガス輸入額,4277242955,thousand_jpy,calendar_year,JPN,WORLD,trade-mof-products-import-annual,2026-09-22,確定値
2021,lpg_imports,液化石油ガス輸入額,733498714,thousand_jpy,calendar_year,JPN,WORLD,trade-mof-products-import-annual,2026-09-22,確定値
2021,coal_imports,石炭輸入額,2801318561,thousand_jpy,calendar_year,JPN,WORLD,trade-mof-products-import-annual,2026-09-22,確定値
2022,exports,輸出額,98173612089,thousand_jpy,calendar_year,JPN,WORLD,trade-mof-world-annual,2026-09-22,確定値
2022,imports,輸入額,118503152779,thousand_jpy,calendar_year,JPN,WORLD,trade-mof-world-annual,2026-09-22,確定値
2022,trade_balance,貿易収支（通関ベース）,-20329540690,thousand_jpy,calendar_year,JPN,WORLD,trade-mof-world-annual,2026-09-22,確定値
2022,mineral_fuels_imports,鉱物性燃料輸入額,33699030785,thousand_jpy,calendar_year,JPN,WORLD,trade-mof-products-import-annual,2026-09-22,確定値
2022,crude_oil_imports,原油及び粗油輸入額,13452744809,thousand_jpy,calendar_year,JPN,WORLD,trade-mof-products-import-annual,2026-09-22,確定値
2022,petroleum_products_imports,石油製品輸入額,2835012093,thousand_jpy,calendar_year,JPN,WORLD,trade-mof-products-import-annual,2026-09-22,確定値
2022,lng_imports,液化天然ガス輸入額,8461421732,thousand_jpy,calendar_year,JPN,WORLD,trade-mof-products-import-annual,2026-09-22,確定値
2022,lpg_imports,液化石油ガス輸入額,1038478737,thousand_jpy,calendar_year,JPN,WORLD,trade-mof-products-import-annual,2026-09-22,確定値
2022,coal_imports,石炭輸入額,7819908458,thousand_jpy,calendar_year,JPN,WORLD,trade-mof-products-import-annual,2026-09-22,確定値
2023,exports,輸出額,100873049041,thousand_jpy,calendar_year,JPN,WORLD,trade-mof-world-annual,2026-09-22,確定値
2023,imports,輸入額,110395119330,thousand_jpy,calendar_year,JPN,WORLD,trade-mof-world-annual,2026-09-22,確定値
2023,trade_balance,貿易収支（通関ベース）,-9522070289,thousand_jpy,calendar_year,JPN,WORLD,trade-mof-world-annual,2026-09-22,確定値
2023,mineral_fuels_imports,鉱物性燃料輸入額,27345603129,thousand_jpy,calendar_year,JPN,WORLD,trade-mof-products-import-annual,2026-09-22,確定値
2023,crude_oil_imports,原油及び粗油輸入額,11363862275,thousand_jpy,calendar_year,JPN,WORLD,trade-mof-products-import-annual,2026-09-22,確定値
2023,petroleum_products_imports,石油製品輸入額,2656108390,thousand_jpy,calendar_year,JPN,WORLD,trade-mof-products-import-annual,2026-09-22,確定値
2023,lng_imports,液化天然ガス輸入額,6518334389,thousand_jpy,calendar_year,JPN,WORLD,trade-mof-products-import-annual,2026-09-22,確定値
2023,lpg_imports,液化石油ガス輸入額,882145072,thousand_jpy,calendar_year,JPN,WORLD,trade-mof-products-import-annual,2026-09-22,確定値
2023,coal_imports,石炭輸入額,5872355753,thousand_jpy,calendar_year,JPN,WORLD,trade-mof-products-import-annual,2026-09-22,確定値
2024,exports,輸出額,107087511087,thousand_jpy,calendar_year,JPN,WORLD,trade-mof-world-annual,2026-09-22,確定値
2024,imports,輸入額,112715960939,thousand_jpy,calendar_year,JPN,WORLD,trade-mof-world-annual,2026-09-22,確定値
2024,trade_balance,貿易収支（通関ベース）,-5628449852,thousand_jpy,calendar_year,JPN,WORLD,trade-mof-world-annual,2026-09-22,確定値
2024,mineral_fuels_imports,鉱物性燃料輸入額,25506143282,thousand_jpy,calendar_year,JPN,WORLD,trade-mof-products-import-annual,2026-09-22,確定値
2024,crude_oil_imports,原油及び粗油輸入額,10870848021,thousand_jpy,calendar_year,JPN,WORLD,trade-mof-products-import-annual,2026-09-22,確定値
2024,petroleum_products_imports,石油製品輸入額,2907208004,thousand_jpy,calendar_year,JPN,WORLD,trade-mof-products-import-annual,2026-09-22,確定値
2024,lng_imports,液化天然ガス輸入額,6233225240,thousand_jpy,calendar_year,JPN,WORLD,trade-mof-products-import-annual,2026-09-22,確定値
2024,lpg_imports,液化石油ガス輸入額,915096232,thousand_jpy,calendar_year,JPN,WORLD,trade-mof-products-import-annual,2026-09-22,確定値
2024,coal_imports,石炭輸入額,4533157013,thousand_jpy,calendar_year,JPN,WORLD,trade-mof-products-import-annual,2026-09-22,確定値
2025,exports,輸出額,110400454682,thousand_jpy,calendar_year,JPN,WORLD,trade-mof-world-annual,2026-09-22,確々報値
2025,imports,輸入額,113330098822,thousand_jpy,calendar_year,JPN,WORLD,trade-mof-world-annual,2026-09-22,確々報値
2025,trade_balance,貿易収支（通関ベース）,-2929644140,thousand_jpy,calendar_year,JPN,WORLD,trade-mof-world-annual,2026-09-22,確々報値
2025,mineral_fuels_imports,鉱物性燃料輸入額,22144975571,thousand_jpy,calendar_year,JPN,WORLD,trade-mof-products-import-annual,2026-09-22,確々報値
2025,crude_oil_imports,原油及び粗油輸入額,9622292104,thousand_jpy,calendar_year,JPN,WORLD,trade-mof-products-import-annual,2026-09-22,確々報値
2025,petroleum_products_imports,石油製品輸入額,2576823227,thousand_jpy,calendar_year,JPN,WORLD,trade-mof-products-import-annual,2026-09-22,確々報値
2025,lng_imports,液化天然ガス輸入額,5702362478,thousand_jpy,calendar_year,JPN,WORLD,trade-mof-products-import-annual,2026-09-22,確々報値
2025,lpg_imports,液化石油ガス輸入額,855439538,thousand_jpy,calendar_year,JPN,WORLD,trade-mof-products-import-annual,2026-09-22,確々報値
2025,coal_imports,石炭輸入額,3343559423,thousand_jpy,calendar_year,JPN,WORLD,trade-mof-products-import-annual,2026-09-22,確々報値
