ÅsíÜìåÅt  ÅyîNï Åz  ÅióAì¸Åj ,,,,,,,,,,,,,,,,,,,,,,,,,,,,,,,,,,,,,,,,,,,,,,,,,,,,,,,,,,,,,,,,,,,,,,,,,,,,,,,,,,,,,,,,,,,,,,,,,,,,,,,,,,,,,,,,,,,
MIDDLE EAST Calender Year Data  (Import) ,,,,,,,,,,,,,,,,,,,,,,,,,,,,,,,,,,,,,,,,,,,,,,,,,,,,,,,,,,,,,,,,,,,,,,,,,,,,,,,,,,,,,,,,,,,,,,,,,,,,,,,,,,,,,,,,,,,
ïÒìπî≠ï\ïiñ⁄ñº,ëçäz,ÇPÅDêHóøïi,,,,,,ãõâÓóﬁ,,ì˜óﬁ,,çíï®óﬁ,,ñÏçÿ,,â é¿,,ÇQÅDå¥óøïi,,,,,,ñÿçﬁ,,îÒìSã‡ëÆçz,,ìSçzêŒ,,ëÂì§,,ÇRÅDçzï®ê´îRóø,,å¥ñ˚ãyÇ—ëeñ˚,,êŒñ˚êªïi,,(äˆî≠ñ˚),,âtâªìVëRÉKÉX,,âtâªêŒñ˚ÉKÉX,,êŒíY,,(àÍî íY),,ÇSÅDâªäwêªïi,,óLã@âªçáï®,,à„ñÚïi,,ÇTÅDå¥óøï êªïi,,ìSç|,,îÒìSã‡ëÆ,,ã‡ëÆêªïi,,êDï®ópéÖÅEë@à€êªïi,,îÒã‡ëÆçzï®êªïi,,ñÿêªïiìô(èúâ∆ãÔ),,ÇUÅDàÍî ã@äB,,å¥ìÆã@,,ìdéZã@óﬁ(ä‹é¸ï”ã@äÌ),,ìdéZã@óﬁÇÃïîï™ïi,,ÇVÅDìdãCã@äÌ,,îºì±ëÃìôìdéqïîïi,,(ÇhÇb),,ê‚âèìdê¸ÅEê‚âèÉPÅ[ÉuÉã,,âπãøâfëúã@äÌ(ä‹ïîïi),,èdìdã@äÌ,,í êMã@,,Åiìdòbã@Åj,,ìdãCåvë™ã@äÌ,,ÇWÅDóAëóópã@äÌ,,é©ìÆé‘,,é©ìÆé‘ÇÃïîï™ïi,,çqãÛã@óﬁ,,ÇXÅDÇªÇÃëº,,,,,,â»äwåıäwã@äÌ,,àﬂóﬁÅEìØïçëÆïi,,â∆ãÔ,,ÉoÉbÉOóﬁ,
äTãµïiñº,,,,êHóøïiãyÇ—ìÆï®,,à˘óøãyÇ—ÇΩÇŒÇ±,,ãõâÓóﬁãyÇ—ìØí≤êªïi,,ì˜óﬁãyÇ—ìØí≤êªïi,,çíï®óﬁãyÇ—ìØí≤êªïi,,ñÏçÿ,,â é¿,,,,å¥çﬁóø,,ìÆêAï®ê´ñ˚éâ,,ñÿçﬁ,,îÒìSã‡ëÆçz,,ìSçzêŒ,,ëÂì§,,çzï®ê´îRóø,,å¥ñ˚ãyÇ—ëeñ˚,,êŒñ˚êªïi,,(äˆî≠ñ˚),,âtâªìVëRÉKÉX,,âtâªêŒñ˚ÉKÉX,,êŒíY,,(àÍî íY),,âªäwêªïi,,óLã@âªçáï®,,à„ñÚïi,,å¥óøï êªïi,,ìSç|,,îÒìSã‡ëÆ,,ã‡ëÆêªïi,,êDï®ópéÖãyÇ—ë@à€êªïi,,îÒã‡ëÆçzï®êªïi,,ñÿêªïiãyÇ—ÉRÉãÉNêªïi(èúâ∆ãÔ),,àÍî ã@äB,,å¥ìÆã@,,(ìdéZã@óﬁ(ä‹é¸ï”ã@äÌ)),,(ìdéZã@óﬁÇÃïîï™ïi),,ìdãCã@äÌ,,îºì±ëÃìôìdéqïîïi,,(ÇhÇb),,ê‚âèìdê¸ãyÇ—ê‚âèÉPÅ[ÉuÉã,,âπãøÅEâfëúã@äÌ(ä‹ïîïi),,èdìdã@äÌ,,í êMã@,,Åiìdòbã@Åj,,ìdãCåvë™ã@äÌ,,óAëóópã@äÌ,,é©ìÆé‘,,é©ìÆé‘ÇÃïîï™ïi,,çqãÛã@óﬁ,,,,éGêªïi,,ì¡éÍéÊàµïi,,â»äwåıäwã@äÌ,,àﬂóﬁãyÇ—ìØïçëÆïi,,â∆ãÔ,,ÉoÉbÉOóﬁ,
äTãµïiÉRÅ[Éh,'0'Å`'9','0'+'1',,'0',,'1',,'007',,'003',,'009',,'01103',,'01101',,'2'+'4',,'2',,'4',,'20701',,'21505',,'21501',,'20307',,'3',,'30301',,'30303',,'3030301',,'3050103',,'3050101',,'30101',,'3010105',,'5',,'50101',,'507',,'6',,'613',,'615',,'617',,'609',,'611',,'605',,'701',,'70101',,'7010505',,'7010507',,'703',,'70311',,'7031103',,'70304',,'70305',,'70301',,'70307',,'7030703',,'70313',,'705',,'70501',,'70503',,'70505'',,'8'+'9',,'8',,'9',,'81101',,'807',,'803',,'805',
,ã‡äz,êîó ,ã‡äz,êîó ,ã‡äz,êîó ,ã‡äz,êîó ,ã‡äz,êîó ,ã‡äz,êîó ,ã‡äz,êîó ,ã‡äz,êîó ,ã‡äz,êîó ,ã‡äz,êîó ,ã‡äz,êîó ,ã‡äz,êîó ,ã‡äz,êîó ,ã‡äz,êîó ,ã‡äz,êîó ,ã‡äz,êîó ,ã‡äz,êîó ,ã‡äz,êîó ,ã‡äz,êîó ,ã‡äz,êîó ,ã‡äz,êîó ,ã‡äz,êîó ,ã‡äz,êîó ,ã‡äz,êîó ,ã‡äz,êîó ,ã‡äz,êîó ,ã‡äz,êîó ,ã‡äz,êîó ,ã‡äz,êîó ,ã‡äz,êîó ,ã‡äz,êîó ,ã‡äz,êîó ,ã‡äz,êîó ,ã‡äz,êîó ,ã‡äz,êîó ,ã‡äz,êîó ,ã‡äz,êîó ,ã‡äz,êîó ,ã‡äz,êîó ,ã‡äz,êîó ,ã‡äz,êîó ,ã‡äz,êîó ,ã‡äz,êîó ,ã‡äz,êîó ,ã‡äz,êîó ,ã‡äz,êîó ,ã‡äz,êîó ,ã‡äz,êîó ,ã‡äz,êîó ,ã‡äz,êîó ,ã‡äz,êîó ,ã‡äz,êîó ,ã‡äz,êîó ,ã‡äz,êîó ,ã‡äz,êîó ,ã‡äz,êîó ,ã‡äz,êîó ,ã‡äz
Years,(êÁâ~),(íPà ),(êÁâ~),(íPà ),(êÁâ~),(íPà ),(êÁâ~),(íPà ÅFMT),(êÁâ~),(íPà ÅFMT),(êÁâ~),(íPà ÅFMT),(êÁâ~),(íPà ÅFKG),(êÁâ~),(íPà ÅFKG),(êÁâ~),(íPà ),(êÁâ~),(íPà ),(êÁâ~),(íPà ÅFMT),(êÁâ~),(íPà ),(êÁâ~),(íPà ÅFMT),(êÁâ~),(íPà ÅFMT),(êÁâ~),(íPà ÅFMT),(êÁâ~),(íPà ),(êÁâ~),(íPà ÅFKL),(êÁâ~),(íPà ),(êÁâ~),(íPà ÅFKL),(êÁâ~),(íPà ÅFMT),(êÁâ~),(íPà ÅFMT),(êÁâ~),(íPà ÅFMT),(êÁâ~),(íPà ÅFMT),(êÁâ~),(íPà ),(êÁâ~),(íPà ),(êÁâ~),(íPà ÅFKG),(êÁâ~),(íPà ),(êÁâ~),(íPà ÅFMT),(êÁâ~),(íPà ÅFMT),(êÁâ~),(íPà ),(êÁâ~),(íPà ),(êÁâ~),(íPà ),(êÁâ~),(íPà ),(êÁâ~),(íPà ),(êÁâ~),(íPà ÅFMT),(êÁâ~),(íPà ÅFNO),(êÁâ~),(íPà ÅFKG),(êÁâ~),(íPà ),(êÁâ~),(íPà ),(êÁâ~),(íPà ÅFNO),(êÁâ~),(íPà ÅFKG),(êÁâ~),(íPà ),(êÁâ~),(íPà ÅFKG),(êÁâ~),(íPà ÅFKG),(êÁâ~),(íPà ÅFNO),(êÁâ~),(íPà ÅFKG),(êÁâ~),(íPà ),(êÁâ~),(íPà ÅFNO),(êÁâ~),(íPà ÅFKG),(êÁâ~),(íPà ÅFMT),(êÁâ~),(íPà ),(êÁâ~),(íPà ),(êÁâ~),(íPà ),(êÁâ~),(íPà ),(êÁâ~),(íPà ),(êÁâ~),(íPà ÅFKG),(êÁâ~),(íPà ÅFKG),(êÁâ~)
1988 ,2461138021 ,-,9167562 ,-,8951296 ,-,216266 ,2465 ,2631362 ,70 ,432938 ,1 ,247 ,-,102810 ,-,5117378 ,-,17929628 ,-,17927048 ,2 ,2580 ,-,-,19723 ,816927 ,-,-,-,-,-,2227989181 ,129821579 ,1601120602 ,-,372548149 ,17455037 ,227077001 ,2355467 ,49414862 ,10362515 ,204895232 ,-,-,-,-,-,73877611 ,-,48269052 ,9274 ,87912 ,-,116062219 ,10550 ,174366 ,156667 ,41808043 ,-,1468470 ,-,4294338 ,-,68306370 ,-,2002 ,-,3809156 ,90 ,40908 ,719 ,1853127 ,27702 ,492203 ,-,2267333 ,-,17778 ,108 ,740 ,-,-,-,12622 ,-,29150 ,1116 ,77213 ,-,-,55064 ,1277497 ,-,12688 ,1 ,782 ,-,11249 ,-,-,-,10022643 ,-,1160445 ,-,8862198 ,-,184578 ,-,20165 ,20511 ,11337 ,1927 ,6378 
1989 ,3134861629 ,-,11472356 ,-,11325392 ,-,146964 ,4852 ,4404781 ,242 ,518896 ,9 ,1978 ,-,327430 ,-,5171139 ,-,17382345 ,-,17357744 ,15 ,24601 ,-,-,43844 ,2597114 ,2 ,485 ,-,-,-,2863953153 ,144930480 ,2058766389 ,-,558586035 ,20061573 ,312546168 ,2300236 ,50164276 ,10819977 ,196434580 ,-,-,-,-,-,96165767 ,-,49072288 ,6160 ,130527 ,-,126183432 ,29978 ,671861 ,127924 ,37473898 ,-,2335349 ,-,6542799 ,-,79113850 ,-,1206 ,-,5273356 ,137 ,59345 ,354 ,2276605 ,22788 ,528110 ,-,4745296 ,-,105444 ,606 ,1089 ,-,-,-,7180 ,-,20440 ,3642 ,254939 ,-,-,87857 ,2150374 ,-,16695 ,2 ,10555 ,-,4958 ,0 ,411 ,-,9669229 ,-,1487201 ,-,8182028 ,-,358073 ,-,49562 ,30560 ,19162 ,297 ,3856 
1990 ,4423355143 ,-,10964219 ,-,9935620 ,-,1028599 ,2412 ,2327408 ,319 ,620876 ,1 ,356 ,-,487198 ,-,5846221 ,-,15192158 ,-,15190504 ,1 ,1654 ,-,-,36890 ,1542381 ,-,-,-,-,-,4140548550 ,159765642 ,3133132626 ,-,662925228 ,19589939 ,417557908 ,2372420 ,58047034 ,11391646 ,286443662 ,-,-,-,-,-,84598551 ,-,40102999 ,6598 ,311994 ,-,149917877 ,113 ,13493 ,153063 ,42441011 ,-,2686614 ,-,7902059 ,-,96842637 ,-,3425 ,-,7169134 ,104 ,42857 ,3236 ,2407101 ,7207 ,527338 ,-,4569561 ,-,119621 ,64 ,332 ,-,-,-,7416 ,-,21240 ,2116 ,117871 ,-,-,105288 ,2550976 ,-,52955 ,1 ,6000 ,-,6110 ,0 ,8195 ,-,10342138 ,-,1756503 ,-,8585635 ,-,457941 ,-,52828 ,39840 ,32415 ,1104 ,5353 
1991 ,3916889493 ,-,10633112 ,-,9649063 ,-,984049 ,1185 ,1582663 ,171 ,438479 ,-,-,-,383285 ,-,6062864 ,-,11396135 ,-,11377358 ,8 ,18777 ,-,915 ,27161 ,1188983 ,-,-,-,-,-,3690546032 ,170682520 ,2881044308 ,-,443725704 ,16632482 ,355511403 ,2558599 ,74009722 ,11488858 ,291766298 ,-,-,-,-,-,64191869 ,-,36813896 ,11273 ,370444 ,-,121441427 ,28142 ,1211704 ,180545 ,42432366 ,-,3067041 ,-,5317878 ,-,69389887 ,-,3703 ,-,6132567 ,9 ,6155 ,458 ,1237301 ,3758 ,495746 ,-,4600252 ,-,76677 ,39811 ,29852 ,-,-,-,44544 ,-,19693 ,9927 ,679532 ,-,-,90274 ,2450810 ,-,1065756 ,1 ,6470 ,-,3292 ,7 ,1016095 ,-,6882343 ,-,1723154 ,-,5159189 ,-,313418 ,-,90458 ,46735 ,26203 ,76 ,234 
1992 ,3680397770 ,-,8965480 ,-,8717919 ,-,247561 ,408 ,995831 ,144 ,422135 ,0 ,207 ,-,270013 ,-,5765577 ,-,9759568 ,-,9752357 ,7 ,7211 ,-,-,-,-,-,-,-,-,-,3494347523 ,185743179 ,2826191191 ,-,320285181 ,15426756 ,266560924 ,2532972 ,58403427 ,12200255 ,289467724 ,-,-,-,-,-,48507482 ,-,30806813 ,8243 ,351168 ,-,98605755 ,4045 ,168724 ,162107 ,30117147 ,-,2270639 ,-,3737689 ,-,62285065 ,-,2338 ,-,4823184 ,47 ,19810 ,568 ,1457257 ,1488 ,88221 ,-,4642541 ,-,82953 ,21560 ,62145 ,-,-,-,13108 ,-,31654 ,11002 ,764227 ,-,-,74532 ,2082488 ,-,173784 ,7 ,11763 ,-,1622 ,2 ,57636 ,-,10572453 ,-,3082183 ,-,7490270 ,-,228711 ,-,73326 ,30344 ,19310 ,2494 ,11141 
1993 ,3031149038 ,-,8547620 ,-,8531634 ,-,15986 ,1731 ,1829347 ,75 ,336374 ,-,-,-,438251 ,-,4744376 ,-,9986842 ,-,9986842 ,-,-,-,-,19134 ,252809 ,-,-,-,-,-,2844520450 ,192521584 ,2335183242 ,-,226860908 ,14392126 ,194140258 ,2481179 ,50184990 ,12192372 ,232291310 ,-,-,-,-,-,41254793 ,-,30523898 ,21436 ,1345315 ,-,101607848 ,21629 ,653410 ,236846 ,35095461 ,-,2043725 ,-,3369585 ,-,60397690 ,-,1974 ,-,5740224 ,39 ,9099 ,2913 ,3771755 ,9150 ,759968 ,-,3595424 ,-,480714 ,777049 ,448382 ,-,-,-,40784 ,-,29547 ,7437 ,396943 ,-,-,56496 ,1771154 ,-,271497 ,1 ,8223 ,-,16101 ,3 ,72927 ,-,15624340 ,-,5088594 ,-,10535746 ,-,314863 ,-,130313 ,34817 ,18218 ,3314 ,12794 
1994 ,2845636566 ,-,9309215 ,-,9289536 ,-,19679 ,2003 ,1864023 ,58 ,338694 ,9 ,2074 ,-,373822 ,-,5512988 ,-,11716361 ,-,11713157 ,8 ,3204 ,-,8335 ,68311 ,693116 ,-,-,-,-,-,2637272897 ,206188795 ,2155319112 ,-,228737498 ,16564415 ,183079956 ,3149072 ,51003186 ,11862975 ,202213101 ,-,-,-,-,-,46115796 ,-,33792297 ,12529 ,666286 ,-,114130416 ,46 ,10414 ,252069 ,38199914 ,-,2210388 ,-,4247855 ,-,69393120 ,-,2073 ,-,7733597 ,41 ,14656 ,3482 ,4527903 ,14157 ,982844 ,-,5158567 ,-,212457 ,2437885 ,171746 ,-,-,-,55840 ,-,98488 ,24832 ,1367840 ,-,-,96882 ,2467703 ,-,334629 ,2 ,7866 ,-,5288 ,6 ,101956 ,-,13865088 ,-,3808634 ,-,10056454 ,-,649353 ,-,296935 ,249566 ,53415 ,6026 ,12538 
1995 ,2968440533 ,-,12418088 ,-,12405132 ,-,12956 ,2421 ,2563289 ,64 ,340092 ,336 ,19887 ,-,681893 ,-,8230466 ,-,14030039 ,-,14028644 ,1 ,1395 ,-,2536 ,102746 ,1560293 ,-,-,-,-,-,2734731572 ,207331926 ,2200527052 ,-,228725384 ,17968160 ,202858490 ,3962825 ,58920296 ,11867249 ,246558840 ,-,-,-,-,-,56390344 ,-,40844474 ,19097 ,1437599 ,-,123122826 ,37357 ,1425612 ,170606 ,32522767 ,-,2636866 ,-,4039394 ,-,82428317 ,-,1156 ,-,9751616 ,4 ,11836 ,3318 ,3976707 ,21394 ,1964738 ,-,6521880 ,-,90992 ,23701 ,30688 ,-,-,-,147342 ,-,274755 ,39732 ,2211119 ,-,-,99532 ,2966497 ,-,363685 ,3 ,8570 ,-,42875 ,4 ,88274 ,-,11110483 ,-,6495068 ,-,4615415 ,-,519957 ,-,672620 ,627575 ,118116 ,11089 ,24608 
1996 ,3828496291 ,-,14375920 ,-,14354768 ,-,21152 ,2499 ,2790185 ,96 ,416464 ,-,-,-,827957 ,-,9474126 ,-,13432990 ,-,13428377 ,5 ,4613 ,-,4568 ,65728 ,1179345 ,-,-,-,-,-,3590085822 ,209445636 ,2893496250 ,-,318399956 ,18041060 ,258761805 ,4294063 ,76694735 ,12028146 ,301388153 ,19980 ,104706 ,19980 ,104706 ,-,45023582 ,-,32661091 ,21758 ,1678731 ,-,133467762 ,7853 ,493442 ,208364 ,39540286 ,-,2217410 ,-,5215294 ,-,85903363 ,-,6459 ,-,11271608 ,23 ,16064 ,6869 ,3882177 ,19718 ,1942640 ,-,9639588 ,-,361804 ,358469 ,351173 ,-,-,-,143727 ,-,205571 ,-,2981029 ,-,-,-,3754322 ,-,292098 ,-,-,-,73558 ,1 ,35774 ,-,10906921 ,-,6052828 ,-,4854093 ,-,1570506 ,-,1042359 ,608939 ,124501 ,7812 ,15548 
1997 ,4625360366 ,-,14781155 ,-,14758354 ,-,22801 ,3852 ,3928022 ,81 ,472916 ,-,-,-,917588 ,-,8155576 ,-,12482204 ,-,12479917 ,4 ,2287 ,-,5646 ,29153 ,429392 ,-,-,-,-,-,4366425901 ,220817368 ,3454459713 ,-,348316123 ,16736285 ,310120424 ,6590441 ,165001455 ,12512190 ,398645046 ,-,-,-,-,-,57071373 ,-,40398875 ,15028 ,1504496 ,-,122366189 ,161 ,22368 ,230215 ,49216415 ,-,2623244 ,-,4775372 ,-,65518223 ,-,11693 ,-,11698680 ,26 ,193514 ,10638 ,3373331 ,13520 ,1304341 ,-,17364350 ,-,7846502 ,7788776 ,7829754 ,-,-,-,349320 ,-,266979 ,-,1930056 ,-,-,-,3455907 ,-,297086 ,17 ,55805 ,-,171545 ,0 ,9742 ,-,22873428 ,-,18079516 ,-,4793912 ,-,3829688 ,-,1062742 ,95214 ,35332 ,8856 ,17383 
1998 ,3331610053 ,-,13350900 ,-,13286994 ,-,63906 ,4506 ,4905766 ,69 ,436275 ,54 ,9392 ,3119151 ,1231868 ,27932014 ,5756421 ,-,11831605 ,-,11807483 ,14 ,24122 ,-,8026 ,48160 ,1004386 ,-,-,-,-,-,3110803192 ,217726840 ,2478129127 ,-,204455839 ,13711091 ,195930646 ,7419040 ,164762216 ,11666312 ,263455295 ,-,-,-,-,-,54349238 ,-,36317579 ,19992 ,1883756 ,-,98296628 ,4880 ,333785 ,205677 ,43900523 ,-,2588633 ,-,4106312 ,-,47116936 ,-,11048 ,-,13439579 ,42 ,88923 ,29344 ,5741034 ,15055 ,1850897 ,-,13901377 ,-,4899264 ,4484441 ,4893737 ,-,-,-,324587 ,-,432516 ,-,1501411 ,-,-,-,3436498 ,-,174328 ,9 ,28494 ,53043 ,36122 ,0 ,45902 ,-,15463206 ,-,8527882 ,-,6935324 ,-,2464406 ,-,837904 ,81467 ,46088 ,7096 ,11398 
1999 ,3450127551 ,-,10845051 ,-,10761103 ,-,83948 ,3204 ,3374437 ,79 ,327436 ,94 ,17203 ,2403907 ,867060 ,33645128 ,5461590 ,-,12408645 ,-,12380056 ,24 ,28589 ,-,6572 ,46476 ,841756 ,-,-,-,-,-,3263335155 ,214008475 ,2576716525 ,-,221412232 ,15039184 ,209130682 ,9449691 ,166106784 ,12091882 ,299098086 ,-,-,-,-,-,47812700 ,-,30379851 ,15508 ,958586 ,-,70681895 ,12732 ,678661 ,141773 ,24100967 ,-,1909851 ,-,4459983 ,-,39308994 ,-,5925 ,-,10683657 ,26 ,182521 ,39961 ,4556845 ,15690 ,1501305 ,-,21558810 ,-,8476933 ,8105097 ,8464430 ,-,-,-,289799 ,-,217206 ,-,4124146 ,-,-,-,2379956 ,-,99303 ,4 ,8670 ,9646 ,17404 ,0 ,6769 ,-,12702335 ,-,8766523 ,-,3935812 ,-,4203539 ,-,637341 ,101173 ,43906 ,6536 ,8495 
2000 ,5310155313 ,-,10673880 ,-,10591002 ,-,82878 ,2482 ,2651374 ,71 ,318130 ,286 ,67938 ,1925188 ,666831 ,34630099 ,5903382 ,-,14867217 ,-,14842733 ,30 ,24484 ,-,5288 ,44437 ,697345 ,646968 ,3196518 ,-,-,-,5120187236 ,214540075 ,4111352477 ,-,304506202 ,14375837 ,292905869 ,10558315 ,266956630 ,12481825 ,437371927 ,-,-,-,-,-,52104056 ,-,30199920 ,15098 ,2140559 ,-,71465514 ,14652 ,675880 ,144788 ,26650931 ,-,2724387 ,-,4341964 ,-,36905225 ,-,42648 ,-,11319553 ,38 ,208480 ,109112 ,5455814 ,18625 ,1744247 ,-,15921870 ,-,3259668 ,48469111 ,3198238 ,-,-,-,696470 ,-,361519 ,-,2985743 ,-,-,-,2672046 ,-,158853 ,7 ,26091 ,183566 ,64313 ,0 ,390 ,-,13457134 ,-,9377129 ,-,4080005 ,-,5775604 ,-,775745 ,123999 ,63536 ,22838 ,22855 
2001 ,5383867510 ,-,8763788 ,-,8703561 ,-,60227 ,1403 ,1914525 ,68 ,340719 ,555 ,142150 ,2576657 ,856001 ,26489959 ,4306841 ,-,9651194 ,-,9624563 ,43 ,26631 ,-,3557 ,19981 ,422365 ,190447 ,1009775 ,-,-,-,5186697988 ,217048197 ,4140122675 ,-,271069201 ,12505144 ,260542736 ,12160391 ,351276922 ,11305562 ,424227631 ,-,-,-,-,-,54896266 ,-,33821280 ,43322 ,2704458 ,-,68886136 ,5032 ,307030 ,142723 ,28632263 ,-,3732163 ,-,3428401 ,-,32643279 ,-,27854 ,-,11064319 ,34 ,293516 ,51587 ,4025888 ,17147 ,1990102 ,-,21607419 ,-,1798919 ,6184166 ,1734192 ,-,-,-,1404714 ,-,359699 ,-,5336707 ,-,-,-,5933954 ,-,189318 ,9 ,35088 ,275066 ,105652 ,0 ,3736 ,-,22111082 ,-,15196467 ,-,6914615 ,-,10523381 ,-,598507 ,92956 ,71586 ,18269 ,18854 
2002 ,5094712829 ,-,8958278 ,-,8883619 ,-,74659 ,1583 ,1972302 ,70 ,338845 ,430 ,115641 ,1525691 ,559892 ,26599351 ,4915763 ,-,8688078 ,-,8652379 ,45 ,35699 ,-,9220 ,31053 ,631774 ,-,-,-,-,-,4915414799 ,204027626 ,3936661816 ,-,279669305 ,13345419 ,267364618 ,11449418 ,316557101 ,11352129 ,382525775 ,-,-,-,-,-,57170721 ,-,35350461 ,24826 ,1791685 ,-,60642921 ,3745 ,258368 ,122873 ,23237990 ,-,2382638 ,-,2944986 ,-,31685975 ,-,10237 ,-,8351850 ,57 ,329230 ,38899 ,3531205 ,12033 ,1540034 ,-,15744975 ,-,977825 ,2492053 ,893211 ,-,-,-,1481526 ,-,379310 ,-,4395703 ,-,-,-,2160180 ,-,128236 ,12 ,50330 ,57846 ,39932 ,0 ,21197 ,-,19612971 ,-,13197567 ,-,6415404 ,-,8655148 ,-,739227 ,222452 ,111987 ,16296 ,18983 
2003 ,5928191572 ,-,8351664 ,-,8275896 ,-,75768 ,2733 ,2289977 ,52 ,260935 ,718 ,182682 ,1905610 ,590874 ,25356547 ,4008548 ,-,7954946 ,-,7901641 ,62 ,53305 ,-,7823 ,19421 ,452277 ,-,-,-,-,-,5754048903 ,216723851 ,4587389247 ,-,349646560 ,14391603 ,327871885 ,13445457 ,381799707 ,11533525 ,435213157 ,-,-,-,-,-,60772462 ,-,42139795 ,21179 ,1408541 ,-,53637326 ,187 ,73698 ,129720 ,24118731 ,-,4102549 ,-,2635945 ,-,22455642 ,-,2061 ,-,8291856 ,9 ,69387 ,18674 ,3479608 ,11618 ,1340700 ,-,14621790 ,-,531114 ,1332661 ,390045 ,-,-,-,884029 ,-,697586 ,-,3369299 ,-,-,-,1758735 ,-,155300 ,7 ,38304 ,32714 ,18727 ,0 ,83232 ,-,20357325 ,-,12980203 ,-,7377122 ,-,9419610 ,-,568976 ,104383 ,50369 ,23802 ,20659 
2004 ,6781744971 ,-,9138671 ,-,8992735 ,-,145936 ,3865 ,3072869 ,45 ,208359 ,983 ,236908 ,2264662 ,731139 ,25796044 ,3792034 ,-,11784677 ,-,11701540 ,105 ,83137 ,-,2844 ,5980 ,200094 ,137071 ,878450 ,-,-,-,6592748510 ,217568183 ,5314033945 ,-,436233722 ,14825663 ,421377271 ,13231159 ,370084979 ,11768910 ,472395864 ,-,-,-,-,-,60872014 ,-,37777405 ,31645 ,705136 ,-,56308478 ,117 ,112940 ,140049 ,28230383 ,-,3400164 ,-,3004262 ,-,21325828 ,-,5623 ,-,12845912 ,4 ,46730 ,21824 ,4448185 ,55756 ,5063008 ,-,18318292 ,-,730301 ,1459980 ,489536 ,-,-,-,1134541 ,-,515045 ,-,4142282 ,-,-,-,3041306 ,-,109898 ,8 ,32612 ,4761 ,12220 ,0 ,64356 ,-,19618519 ,-,15191893 ,-,4426626 ,-,11472522 ,-,683653 ,106489 ,52998 ,20662 ,25243 
2005 ,9663722552 ,-,12623222 ,-,12512418 ,-,110804 ,4197 ,3803392 ,48 ,216870 ,607 ,146815 ,2099474 ,669907 ,34697013 ,6092797 ,-,10902949 ,-,10813295 ,130 ,89654 ,-,1071 ,2044 ,34636 ,0 ,218 ,-,-,-,9446653734 ,224288270 ,7892525899 ,-,565492433 ,14936158 ,555594205 ,12432952 ,413404612 ,11612221 ,575230790 ,-,-,-,-,-,69159997 ,-,43384434 ,36322 ,2320711 ,-,61615194 ,243 ,126902 ,149242 ,33738140 ,-,4131830 ,-,2822434 ,-,20491557 ,-,21453 ,-,14094347 ,15 ,202753 ,16299 ,4955873 ,37717 ,4967709 ,-,21141409 ,-,447953 ,610983 ,193900 ,-,-,-,1222358 ,-,462841 ,-,7461068 ,-,-,-,3460089 ,-,116845 ,10 ,20987 ,10317 ,17447 ,0 ,66381 ,-,27414855 ,-,16164484 ,-,11250371 ,-,12417804 ,-,929374 ,89707 ,54973 ,5132 ,8475 
2006 ,12692392149 ,-,12538908 ,-,12346177 ,-,192731 ,4298 ,3858404 ,9 ,42569 ,164 ,32996 ,1978720 ,646130 ,31248089 ,6466495 ,-,17593825 ,-,17524179 ,82 ,69646 ,-,969 ,3178 ,69348 ,-,-,-,-,-,12441181113 ,219637356 ,10215258857 ,-,697332180 ,14544605 ,678614379 ,15169846 ,685010248 ,13117824 ,843579828 ,-,-,-,-,-,90149828 ,-,61059537 ,22473 ,1842842 ,-,70796031 ,386 ,271768 ,149308 ,45982166 ,-,4617235 ,-,3464495 ,-,16221421 ,-,37649 ,-,11450385 ,40 ,314351 ,21714 ,3072723 ,22208 ,3512639 ,-,19256176 ,-,706665 ,474453 ,208692 ,-,-,-,2061845 ,-,575594 ,-,2523958 ,-,-,-,2663036 ,-,105852 ,20 ,37746 ,29965 ,21678 ,1 ,24726 ,-,29320031 ,-,22609679 ,-,6710352 ,-,18333884 ,-,889247 ,165159 ,71124 ,17645 ,14394 
2007 ,13369922582 ,-,15339492 ,-,14994105 ,-,345387 ,4522 ,4632341 ,-,-,126 ,21286 ,2145938 ,682759 ,36357234 ,6989766 ,-,18548340 ,-,18459255 ,106 ,89085 ,-,878 ,1935 ,42393 ,-,-,-,-,-,13085697912 ,208920242 ,10620913051 ,-,749678195 ,13760280 ,740969997 ,17367811 ,824202980 ,12427998 ,890903686 ,-,-,-,-,-,105002143 ,-,78386286 ,28179 ,1364276 ,-,74019105 ,374 ,426224 ,151296 ,51015681 ,-,5187411 ,-,3517467 ,-,13485548 ,-,37355 ,-,9423490 ,95 ,606217 ,13562 ,2465213 ,25206 ,1896685 ,-,25531280 ,-,1123890 ,2375668 ,676690 ,3683 ,215632 ,-,1478617 ,-,467316 ,-,5149068 ,-,-,-,7789888 ,-,153461 ,8 ,23773 ,12397 ,20044 ,0 ,63302 ,-,36207359 ,-,28799155 ,-,7408204 ,-,19830961 ,-,819595 ,158710 ,71111 ,4034 ,9654 
2008 ,17351120292 ,-,12247662 ,-,12014785 ,-,232877 ,4969 ,4093580 ,-,-,3511 ,466288 ,1838930 ,502753 ,24735780 ,5271377 ,-,27173099 ,-,27105886 ,76 ,67213 ,-,-,3196 ,112428 ,129019 ,2294501 ,-,-,-,17067467081 ,210078356 ,14080676182 ,-,788132750 ,11886692 ,784568642 ,16969014 ,1134387241 ,12058157 ,1064270908 ,-,-,-,-,-,119085031 ,-,84118678 ,23535 ,2321072 ,-,66998419 ,49 ,188529 ,157979 ,47438441 ,-,4960517 ,-,2243546 ,-,11841630 ,-,39490 ,-,9274698 ,15 ,263193 ,22233 ,3007139 ,33728 ,1717533 ,-,26459950 ,-,8216627 ,6271521 ,7931071 ,28175 ,105973 ,-,1404105 ,-,561774 ,-,4788535 ,-,-,-,2821411 ,-,175943 ,6 ,28833 ,489568 ,108240 ,0 ,7088 ,-,22238409 ,-,16336373 ,-,5902036 ,-,11732458 ,-,549676 ,202073 ,79748 ,2802 ,5844 
2009 ,8639595411 ,-,9893218 ,-,9696694 ,-,196524 ,5080 ,3737014 ,-,-,2341 ,208859 ,1723775 ,513756 ,19021585 ,3633860 ,-,14535383 ,-,14454166 ,83 ,81217 ,-,-,2480 ,55601 ,-,-,-,-,-,8470153959 ,191442261 ,6781622765 ,-,476752066 ,13672282 ,476064650 ,15455891 ,719081722 ,10264405 ,492697406 ,-,-,-,-,-,61535318 ,-,37611248 ,9821 ,2025566 ,-,25957851 ,1282 ,288541 ,83578 ,14271321 ,-,2147553 ,-,1860413 ,-,7052928 ,-,32189 ,-,7096119 ,30 ,384020 ,12457 ,2482624 ,31547 ,1290360 ,-,33569377 ,-,20076766 ,14082965 ,20033638 ,3279 ,35728 ,-,967771 ,-,411125 ,-,4116818 ,-,-,-,1788129 ,-,130955 ,16 ,24804 ,168139 ,54959 ,0 ,45955 ,-,16723231 ,-,10275719 ,-,6447512 ,-,6416316 ,-,332500 ,40925 ,25286 ,5998 ,8850 
2010 ,10386602193 ,-,11187429 ,-,11034152 ,-,153277 ,5181 ,4059869 ,1 ,251 ,2341 ,203392 ,2202185 ,624852 ,21283082 ,3937814 ,-,17316276 ,-,17212469 ,108 ,103807 ,-,-,4441 ,143598 ,65891 ,1163431 ,-,-,-,10190707734 ,186383919 ,8155632285 ,-,572973067 ,13178590 ,572956112 ,15775901 ,799945339 ,10380957 ,662157043 ,-,-,-,-,-,65167376 ,-,43046925 ,18006 ,2727857 ,-,52868450 ,61081 ,2592531 ,181866 ,37197450 ,-,4099531 ,-,2405199 ,-,6353288 ,-,24053 ,-,7918031 ,26 ,298138 ,25933 ,2094024 ,70073 ,2715009 ,-,23626336 ,-,7040960 ,1025700 ,7007589 ,13989 ,66595 ,-,1080666 ,-,550459 ,-,4868499 ,-,-,-,2588896 ,-,594640 ,82 ,226369 ,95823 ,69063 ,12 ,227444 ,-,17215921 ,-,10664771 ,-,6551150 ,-,7622238 ,-,299227 ,127435 ,86728 ,4014 ,14640 
2011 ,12832284999 ,-,11382665 ,-,11195421 ,-,187244 ,4491 ,3202460 ,-,-,2911 ,229245 ,2090977 ,550793 ,31140348 ,5927074 ,-,19135741 ,-,19038687 ,93 ,97054 ,-,-,3286 ,106497 ,-,-,-,-,-,12601220860 ,181556066 ,9858466631 ,-,684509707 ,13226246 ,684491436 ,21411786 ,1279101210 ,10986369 ,779143312 ,-,-,-,-,-,79417788 ,-,54446925 ,21238 ,2362149 ,-,67100189 ,44981 ,2083194 ,234350 ,48947271 ,-,4892587 ,-,3202083 ,-,7803094 ,-,17644 ,-,7771894 ,14 ,348008 ,16232 ,2672959 ,33909 ,973730 ,-,23329761 ,-,5084856 ,725618 ,5060153 ,53854 ,130694 ,-,678946 ,-,538256 ,-,4974352 ,-,-,-,3774153 ,-,337426 ,50 ,155234 ,103207 ,67613 ,1 ,5800 ,-,22588675 ,-,14071186 ,-,8517489 ,-,11626000 ,-,361762 ,163625 ,80895 ,2211 ,11438 
2012 ,13542205746 ,-,13381458 ,-,13272463 ,-,108995 ,5539 ,3910938 ,4 ,7088 ,3216 ,255303 ,2942639 ,826350 ,31617170 ,6668891 ,-,16185942 ,-,16059940 ,156 ,126002 ,-,-,2723 ,95645 ,2 ,668 ,-,-,-,13306783723 ,177331341 ,10110455172 ,-,620749899 ,12018245 ,620517260 ,25468084 ,1735423740 ,10973291 ,840154912 ,-,-,-,-,-,73971376 ,-,47437657 ,21479 ,2095664 ,-,70654745 ,1136 ,270978 ,297495 ,54025090 ,-,4425462 ,-,4067450 ,-,7693536 ,-,20447 ,-,8152284 ,62 ,377772 ,16724 ,2228094 ,44520 ,1407654 ,-,35416165 ,-,15345687 ,2187504 ,15313251 ,7747 ,190904 ,-,602028 ,-,540147 ,-,5253283 ,-,-,-,5741944 ,-,154297 ,7 ,12251 ,89858 ,35993 ,3 ,85518 ,-,17505756 ,-,9290849 ,-,8214907 ,-,6713065 ,-,290194 ,150842 ,67838 ,10392 ,18467 
2013 ,15667485760 ,-,12037905 ,-,11897934 ,-,139971 ,3204 ,2015507 ,-,-,2260 ,214705 ,2424700 ,738896 ,32458091 ,7659461 ,-,20190883 ,-,19897857 ,1094 ,293026 ,-,-,2900 ,108253 ,21 ,466 ,-,-,-,15337766887 ,176613676 ,11818861276 ,-,592046021 ,9500614 ,591310586 ,26010073 ,2092758058 ,9463707 ,834101532 ,-,-,-,-,-,89244083 ,-,55478034 ,18116 ,2398360 ,-,98023994 ,594 ,284319 ,346400 ,74403152 ,-,4685115 ,-,5241895 ,-,13138935 ,-,35282 ,-,13583708 ,26 ,1319155 ,18944 ,3231200 ,72632 ,3337456 ,-,79461018 ,-,58341489 ,5579487 ,58245444 ,6288 ,131855 ,-,993370 ,-,734183 ,-,5388737 ,-,-,-,5380547 ,-,127617 ,1 ,3205 ,92156 ,81405 ,0 ,28617 ,-,17049665 ,-,11944718 ,-,5104947 ,-,9008170 ,-,520919 ,96256 ,56345 ,6408 ,15356 
2014 ,15825963827 ,-,13181741 ,-,13081633 ,-,100108 ,2668 ,1936656 ,-,-,5177 ,455891 ,2470502 ,765451 ,29092432 ,7744987 ,-,26477912 ,-,26280795 ,140 ,197117 ,-,-,2320 ,89912 ,-,-,-,-,-,15404005176 ,166540595 ,11515598341 ,-,762169173 ,11346298 ,760582332 ,26280751 ,2309571629 ,8743957 ,816666033 ,-,-,-,-,-,106572184 ,-,64950228 ,21275 ,4721265 ,-,138562624 ,4168 ,719608 ,490080 ,116421158 ,-,5388863 ,-,4279812 ,-,11255094 ,-,39794 ,-,17149294 ,54 ,2975254 ,10702 ,4004635 ,36461 ,1718534 ,-,100132037 ,-,77459732 ,5941330 ,77370565 ,16609 ,189258 ,-,893360 ,-,1041110 ,-,4355099 ,-,-,-,5567247 ,-,297697 ,1 ,315 ,76089 ,131449 ,0 ,62472 ,-,19585162 ,-,14383562 ,-,5201600 ,-,11465357 ,-,681601 ,100915 ,66480 ,11711 ,36532 
2015 ,9571335816 ,-,15577920 ,-,14817578 ,-,760342 ,2281 ,2097090 ,-,-,5316 ,591416 ,2172322 ,765095 ,29572424 ,9627071 ,-,23694297 ,-,23398321 ,156 ,295976 ,-,-,2800 ,129121 ,-,-,-,-,-,9163973283 ,160355079 ,6684669321 ,-,612885443 ,14087272 ,608791646 ,22560728 ,1445362585 ,7169105 ,421055934 ,-,-,-,-,-,88034814 ,-,50573990 ,19006 ,4891781 ,-,142744971 ,7624 ,636576 ,446305 ,116224268 ,-,5525230 ,-,4743501 ,-,15151566 ,-,29110 ,-,17541936 ,100 ,2719725 ,6342 ,3399203 ,16668 ,1175780 ,-,92297071 ,-,63152689 ,11797573 ,62649925 ,18934 ,222478 ,-,1750539 ,-,1338023 ,-,4074931 ,-,-,-,11366251 ,-,398327 ,-,-,117305 ,49742 ,7 ,267607 ,-,27073197 ,-,20919158 ,-,6154039 ,-,17876816 ,-,722266 ,122964 ,97832 ,10765 ,22436 
2016 ,6501061083 ,-,11190865 ,-,11052652 ,-,138213 ,2043 ,1673904 ,-,-,2176 ,229520 ,2378421 ,857952 ,25621429 ,6890217 ,-,29088754 ,-,28036840 ,916 ,1051914 ,-,-,2682 ,102578 ,0 ,275 ,-,-,-,6172027024 ,168156166 ,4752138231 ,-,427540171 ,13964472 ,421797539 ,19634110 ,731192057 ,6406200 ,261156565 ,-,-,-,-,-,69577737 ,-,36053949 ,15029 ,4168170 ,-,121923007 ,1892 ,661457 ,474228 ,91702385 ,-,5698012 ,-,3641541 ,-,19952018 ,-,17154 ,-,17988241 ,61 ,3946590 ,5985 ,3332198 ,27480 ,831224 ,-,52695597 ,-,32287371 ,26247339 ,32225679 ,12507 ,150562 ,-,510153 ,-,1572612 ,-,4184733 ,-,-,-,3655367 ,-,367624 ,3 ,123009 ,93785 ,36651 ,5 ,161510 ,-,26202234 ,-,18703911 ,-,7498323 ,-,15549900 ,-,802158 ,41148 ,35488 ,471 ,7215 
2017 ,8242547239 ,-,13394391 ,-,13244127 ,-,150264 ,2235 ,2169697 ,-,-,1369 ,142183 ,2604793 ,833133 ,33868291 ,8714559 ,-,35025420 ,-,34049458 ,916 ,975962 ,-,-,4868 ,242704 ,-,-,-,-,-,7859274811 ,162283225 ,6220681453 ,-,613979123 ,15897153 ,603878528 ,17591753 ,797650978 ,4144762 ,226962957 ,-,-,-,-,-,92127210 ,-,51720345 ,15052 ,3715547 ,-,156233218 ,1660 ,1190479 ,563522 ,131908234 ,-,6486828 ,-,3704911 ,-,12736425 ,-,10142 ,-,18914040 ,104 ,5518352 ,5257 ,2902566 ,8424 ,669071 ,-,31361414 ,-,6996425 ,8514246 ,6772433 ,14199 ,215941 ,-,830374 ,-,2178727 ,-,4090392 ,13 ,957 ,-,6310918 ,-,517657 ,3 ,23410 ,359491 ,83075 ,12 ,367094 ,-,35699078 ,-,22015459 ,-,13683619 ,-,17656108 ,-,1337043 ,130785 ,108749 ,13301 ,20536 
2018 ,10375067966 ,-,16360629 ,-,16205582 ,-,155047 ,2488 ,2419871 ,-,-,1404 ,133083 ,2590079 ,885551 ,38993315 ,11177754 ,-,46385644 ,-,45676783 ,609 ,708861 ,-,-,50819 ,6980281 ,-,-,-,-,-,9922929137 ,154804437 ,7832947349 ,-,847091560 ,17035969 ,835123842 ,17975356 ,1027940522 ,3374777 ,214949229 ,-,-,-,-,-,135066745 ,-,71944552 ,10542 ,14818683 ,-,152721461 ,1987 ,1319877 ,498307 ,127337816 ,-,8041819 ,-,4071842 ,-,11762024 ,-,12747 ,-,25388112 ,69 ,9240996 ,6372 ,3530353 ,12171 ,683728 ,-,36098355 ,-,4128220 ,21434219 ,3817512 ,9973 ,242729 ,-,1066278 ,-,2614808 ,-,4516548 ,32 ,1559 ,-,8237358 ,-,2401029 ,1 ,13256 ,367459 ,96906 ,15 ,2235831 ,-,37716854 ,-,28880052 ,-,8836802 ,-,24448152 ,-,1381483 ,68649 ,94620 ,10232 ,19967 
2019 ,8851500007 ,-,14791540 ,-,14646611 ,-,144929 ,1979 ,1522687 ,-,-,1099 ,104173 ,2114115 ,774153 ,34465006 ,9834514 ,-,47603670 ,-,47195783 ,338 ,407887 ,-,598 ,48370 ,6417347 ,-,-,-,-,-,8472243760 ,153698229 ,7032748826 ,-,571387931 ,14325949 ,562460368 ,13797492 ,778522167 ,1702479 ,89558983 ,2031 ,25853 ,2031 ,25853 ,-,87451635 ,-,42336530 ,12282 ,4609341 ,-,138875226 ,433 ,760339 ,534478 ,116056399 ,-,7839197 ,-,3998158 ,-,10066717 ,-,25373 ,-,23298139 ,74 ,8559667 ,8000 ,4304580 ,8329 ,886568 ,-,36531036 ,-,7715690 ,87019221 ,7425889 ,10844 ,266078 ,-,1211160 ,-,1659121 ,-,3865616 ,166 ,3800 ,-,4796828 ,-,704010 ,1 ,1659 ,189037 ,89619 ,18 ,602686 ,-,30000991 ,-,19636726 ,-,10364265 ,-,15685481 ,-,1229019 ,91408 ,87491 ,9715 ,24227 
2020 ,5558370295 ,-,13184249 ,-,13038160 ,-,146089 ,2019 ,1243963 ,-,-,1329 ,142746 ,2115824 ,808489 ,33458207 ,8380404 ,-,53786212 ,-,53011229 ,1111 ,774983 ,-,-,71328 ,11422689 ,-,-,-,-,-,5224975344 ,131828314 ,4182842127 ,-,463601043 ,14963748 ,457300554 ,12218296 ,520779917 ,1215295 ,57752257 ,-,-,-,-,-,64898329 ,-,28323327 ,11613 ,4223575 ,-,101556591 ,1431 ,649397 ,431513 ,84354639 ,-,7151199 ,-,2962817 ,-,6260552 ,-,10629 ,-,17517966 ,38 ,3919327 ,8994 ,4289475 ,8416 ,428329 ,-,48793881 ,-,16068673 ,68151122 ,15711318 ,14762 ,179716 ,-,1473090 ,-,1459362 ,-,7321848 ,18 ,720 ,-,5440206 ,-,529589 ,2 ,2546 ,8178 ,5894 ,15 ,510438 ,-,33128134 ,-,20669937 ,-,12458197 ,-,17320994 ,-,1204207 ,102005 ,100739 ,15174 ,20158 
2021 ,8471029607 ,-,12641836 ,-,12485720 ,-,156116 ,1748 ,1149591 ,-,-,684 ,137450 ,2407999 ,1335749 ,30698970 ,7795881 ,-,87256074 ,-,86507250 ,1081 ,748824 ,-,-,39731 ,8872584 ,-,-,-,-,-,7954407634 ,132627324 ,6382519973 ,-,861669632 ,17418725 ,850527982 ,12199695 ,648828169 ,894587 ,61389860 ,-,-,-,-,-,98005981 ,-,52546227 ,14953 ,4990312 ,-,199862003 ,1267 ,732052 ,632765 ,175752291 ,-,10020848 ,-,3951110 ,-,9248500 ,-,9410 ,-,17670077 ,26 ,3954850 ,4469 ,3858681 ,6667 ,479441 ,-,44876351 ,-,12249354 ,67783131 ,11426070 ,222636 ,981746 ,-,1351878 ,-,1563124 ,-,6293374 ,1019 ,10808 ,-,5318091 ,-,13689494 ,1 ,990 ,43582 ,39380 ,17 ,540348 ,-,42620157 ,-,26068873 ,-,16551284 ,-,22202410 ,-,1145494 ,190287 ,299502 ,8613 ,25331 
2022 ,15607834088 ,-,17869169 ,-,17586763 ,-,282406 ,2252 ,2135820 ,-,-,3390 ,619298 ,2160665 ,1573763 ,29936456 ,9817237 ,-,98700477 ,-,97836038 ,762 ,864439 ,-,-,26796 ,5743188 ,-,-,-,-,-,14911636348 ,149600666 ,12680531967 ,-,1221880605 ,16192620 ,1203143544 ,6747291 ,901707664 ,1036126 ,107516112 ,-,-,-,-,-,148120960 ,-,61103001 ,33289 ,5709708 ,-,298419209 ,316 ,535162 ,690172 ,273817574 ,-,9041532 ,-,4160117 ,-,10672504 ,-,6056 ,-,21596482 ,24 ,4940015 ,3223 ,2683098 ,9806 ,421380 ,-,60298264 ,-,21685437 ,65672948 ,20505334 ,203857 ,705303 ,-,933732 ,-,2341402 ,-,6162505 ,670 ,5150 ,-,8836820 ,-,444533 ,-,-,127905 ,91185 ,6 ,332662 ,-,50748646 ,-,29716290 ,-,21032356 ,-,25545279 ,-,1259835 ,251580 ,234831 ,2551 ,16590 
2023 ,13328316041 ,-,23136476 ,-,22894524 ,-,241952 ,2580 ,1845998 ,-,-,710 ,200459 ,2174364 ,1343319 ,34905548 ,13591285 ,-,72003280 ,-,71203823 ,700 ,799457 ,-,-,36487 ,8309321 ,-,-,-,-,-,12743068171 ,141828503 ,10833945322 ,-,1241961952 ,18800794 ,1223969105 ,5958368 ,619311513 ,525084 ,47847915 ,-,-,-,-,-,114251422 ,-,45538241 ,41503 ,6940292 ,-,206125271 ,859 ,431156 ,519742 ,183826872 ,-,7715686 ,-,3206144 ,-,10721184 ,-,7707 ,-,23748532 ,272 ,9397258 ,3972 ,3480599 ,6162 ,413661 ,-,88286198 ,-,40868284 ,61483540 ,39427711 ,13451 ,201657 ,-,1626339 ,-,2793488 ,-,12504681 ,385 ,5940 ,-,5568322 ,-,1047412 ,2 ,303921 ,133202 ,123148 ,13 ,550321 ,-,56649279 ,-,39092109 ,-,17557170 ,-,32996188 ,-,1354499 ,156339 ,441063 ,154616 ,203162 
2024 ,12974936498 ,-,29232215 ,-,28956744 ,-,275471 ,2807 ,2070633 ,-,-,1474 ,265880 ,1619243 ,1167237 ,33977945 ,18558808 ,-,67553872 ,-,66965767 ,512 ,588105 ,-,-,1619 ,145929 ,0 ,18051 ,-,-,-,12326390686 ,130100403 ,10339258391 ,-,1273927204 ,17191031 ,1254217072 ,7228415 ,668988928 ,438806 ,44215947 ,0 ,216 ,-,-,-,114869605 ,-,48062819 ,29555 ,6175721 ,-,253374640 ,7743 ,939171 ,596084 ,233150488 ,-,8600968 ,-,3647110 ,-,5909694 ,-,6336 ,-,28548292 ,44 ,14676654 ,3681 ,3297629 ,15572 ,597678 ,-,102763679 ,-,54545157 ,122712114 ,53080842 ,11172 ,125190 ,-,1959771 ,-,3727658 ,-,12071134 ,18 ,2173 ,-,5223385 ,-,2047367 ,2 ,20349 ,157200 ,130760 ,1 ,1860967 ,-,50156142 ,-,32285119 ,-,17871023 ,-,26470182 ,-,1266274 ,111398 ,615074 ,48828 ,79879 
2025 ,11539772029 ,-,23091214 ,-,22705220 ,-,385994 ,2228 ,1930644 ,-,-,2509 ,416927 ,1249022 ,833507 ,28189692 ,15659284 ,-,88068667 ,-,87604498 ,435 ,464169 ,-,-,2000 ,146623 ,4 ,2341 ,-,-,-,10836083994 ,128959894 ,9052379297 ,-,1145447022 ,17324223 ,1122947899 ,7014511 ,618806867 ,200876 ,19450808 ,-,-,-,-,-,115891723 ,-,46377631 ,16683 ,8019037 ,-,265581486 ,397 ,205201 ,580801 ,245176213 ,-,7576951 ,-,5482041 ,-,6152047 ,-,11692 ,-,32881036 ,43 ,14601868 ,11958 ,5570503 ,12688 ,484283 ,-,125268640 ,-,74893966 ,58493290 ,72750879 ,12286 ,269870 ,-,1088150 ,-,2300385 ,-,3515683 ,26 ,4357 ,-,16140232 ,-,1485232 ,-,-,183765 ,141058 ,13 ,1279205 ,-,51420037 ,-,34926137 ,-,16493900 ,-,29592768 ,-,1073765 ,100349 ,722024 ,47812 ,92365 
