《中東》  【年別】　（単位：千円） ,,,,,,,,,,,,,,,,,,,,,,,,,,,,,,,,,,,,
MIDDLE EAST  Calender Year Data  (a thousand yen) ,,,,,,,,,,,,,,,,,,,,,,,,,,,,,,,,,,,,
Years,Exp-Total,Imp-Total,Exp-133,Imp-133,Exp-134,Imp-134,Exp-135,Imp-135,Exp-136,Imp-136,Exp-137,Imp-137,Exp-138,Imp-138,Exp-140,Imp-140,Exp-141,Imp-141,Exp-142,Imp-142,Exp-143,Imp-143,Exp-144,Imp-144,Exp-145,Imp-145,Exp-146,Imp-146,Exp-147,Imp-147,Exp-148,Imp-148,Exp-149,Imp-149,Exp-158,Imp-158
,,,IRAN,IRAN,IRAQ,IRAQ,BAHRAIN,BAHRAIN,P YEMEN,P YEMEN,SU ARAB,SU ARAB,KUWAIT,KUWAIT,QATAR,QATAR,OMAN,OMAN,YEMEN,YEMEN,ISRAEL,ISRAEL,JORDAN,JORDAN,SYRIA,SYRIA,LEBANON,LEBANON,U ARB E,U ARB E,GAZA,GAZA,YEMEN,YEMEN,W B G S,W B G S
1979 ,2105730184 ,6413778225 ,208648536 ,964721568 ,355453802 ,399547658 ,32453903 ,76751501 ,12207470 ,8011068 ,840756447 ,2660812246 ,194462638 ,949729913 ,52392792 ,213514345 ,42225957 ,292781871 ,31544097 ,1022795 ,30579162 ,43652989 ,23180438 ,3521349 ,31191931 ,301455 ,20560380 ,147111 ,229967510 ,799262356 ,105121 ,0 ,0 ,0 ,0 ,0 
1980 ,2933212183 ,10010209837 ,357766845 ,986138130 ,496164947 ,988059201 ,40744127 ,109404889 ,18905910 ,3876128 ,1099747003 ,4427934587 ,287792419 ,788336182 ,48850249 ,403562200 ,68667586 ,394795871 ,51664839 ,232916 ,24482557 ,51705229 ,43729403 ,5016440 ,44583797 ,638407 ,43262684 ,95584 ,306622745 ,1850414073 ,227072 ,0 ,0 ,0 ,0 ,0 
1981 ,3435192424 ,9207419681 ,331756112 ,428159288 ,668033085 ,210219074 ,44767386 ,92225275 ,23379961 ,3403303 ,1296337258 ,4704204995 ,364573600 ,786282621 ,59178391 ,488131930 ,100743805 ,507305503 ,48553027 ,1972401 ,31181567 ,44683299 ,48066455 ,3934350 ,56177748 ,2360934 ,34600471 ,34743 ,327832577 ,1934501965 ,10981 ,0 ,0 ,0 ,0 ,0 
1982 ,3898305179 ,9267392883 ,234825792 ,631562877 ,680208317 ,191285396 ,56674693 ,67906134 ,22588377 ,4742770 ,1645551627 ,5072198307 ,447224650 ,394683192 ,86382812 ,444781412 ,114234819 ,424420270 ,47834706 ,366782 ,50238662 ,46258403 ,61959365 ,4378838 ,41990201 ,386924 ,39211982 ,28436 ,369353268 ,1984393142 ,25908 ,0 ,0 ,0 ,0 ,0 
1983 ,3704839537 ,7938770894 ,670063714 ,1003716891 ,149655709 ,33049267 ,78130734 ,98958000 ,19227507 ,7337419 ,1587712421 ,3684166368 ,419117234 ,329107630 ,55349203 ,404311900 ,111215248 ,479145687 ,44767890 ,310577 ,63324023 ,44675043 ,69602436 ,4810788 ,59142272 ,342218 ,55201354 ,379903 ,322326734 ,1848459203 ,3058 ,0 ,0 ,0 ,0 ,0 
1984 ,2956865090 ,7746456968 ,397157890 ,671532064 ,191241454 ,40313377 ,64884508 ,85467681 ,14290654 ,10912962 ,1329205005 ,3490046400 ,338465751 ,375506077 ,41377932 ,613866416 ,119927385 ,574748036 ,42777559 ,184630 ,41137785 ,45108187 ,48575781 ,6305857 ,27437634 ,1127075 ,33971041 ,385068 ,266399155 ,1830953138 ,15556 ,0 ,0 ,0 ,0 ,0 
1985 ,2612178003 ,7039318382 ,317356149 ,601422062 ,308663625 ,141425939 ,46590202 ,69498393 ,9186176 ,9711548 ,939465047 ,2489428936 ,369567688 ,278453626 ,39630289 ,520373685 ,133510240 ,736822156 ,29950323 ,3309494 ,40986463 ,51701925 ,45811868 ,6826365 ,30156549 ,729805 ,22871415 ,333523 ,278427733 ,2129280925 ,4236 ,0 ,0 ,0 ,0 ,0 
1986 ,1484195941 ,3168507802 ,195659610 ,249949383 ,208978334 ,168682728 ,20664032 ,50311200 ,3338850 ,5358659 ,471099305 ,903738350 ,208137086 ,203944272 ,25300319 ,198939551 ,49606442 ,282992906 ,20843123 ,198363 ,45944710 ,54268712 ,31239775 ,5141181 ,15628040 ,1109051 ,12317082 ,157839 ,175434907 ,1043715607 ,4326 ,0 ,0 ,0 ,0 ,0 
1987 ,1154674128 ,2897696649 ,152769704 ,228814469 ,56466871 ,97860528 ,17093053 ,44248419 ,4514524 ,3102171 ,469917963 ,1066263054 ,125188683 ,259542316 ,21889256 ,129862416 ,37885413 ,206352156 ,8820979 ,326559 ,50160382 ,69912213 ,20697914 ,4414687 ,19145361 ,609518 ,7729521 ,264964 ,162394504 ,786123179 ,0 ,0 ,0 ,0 ,0 ,0 
1988 ,1018405773 ,2461138021 ,103566779 ,148728577 ,51976060 ,106070352 ,15270581 ,39343053 ,4557128 ,2361572 ,401448164 ,813413297 ,93353242 ,202689206 ,22013672 ,145840221 ,44566961 ,216058049 ,9278817 ,12532918 ,53837813 ,87631024 ,17935964 ,4374420 ,26270858 ,872215 ,9939785 ,411352 ,164389949 ,680810849 ,0 ,916 ,0 ,0 ,0 ,0 
1989 ,1022459221 ,3134861629 ,126973707 ,246711040 ,67666579 ,167413869 ,19836634 ,47120853 ,4074696 ,4059528 ,378542746 ,966537463 ,91622379 ,324230992 ,28447291 ,210969951 ,45873855 ,209354626 ,8505237 ,14224797 ,43720435 ,104708392 ,9165378 ,3245000 ,10595846 ,598520 ,9690447 ,872639 ,177742493 ,834813959 ,1498 ,0 ,0 ,0 ,0 ,0 
1990 ,1258849573 ,4423355143 ,231635518 ,479435792 ,38012535 ,136568202 ,21809225 ,55370595 ,1322934 ,1769351 ,481295548 ,1479973724 ,60119931 ,258032584 ,22114763 ,305997583 ,60550143 ,275550259 ,4875683 ,2272479 ,73102658 ,127825493 ,9033328 ,3956098 ,10068295 ,673097 ,12723255 ,656588 ,225287747 ,1286800141 ,221 ,0 ,6897789 ,8473157 ,0 ,0 
1991 ,1497540222 ,3916889493 ,333126431 ,374784272 ,40926 ,27968 ,22264838 ,60800214 ,0 ,0 ,523713771 ,1355081513 ,58007111 ,7503233 ,28126915 ,289624829 ,82426879 ,290576264 ,0 ,0 ,99025831 ,99578605 ,11508677 ,3394287 ,15835893 ,535977 ,14470911 ,213602 ,289736413 ,1412794923 ,1110 ,18600 ,19254516 ,21955206 ,0 ,0 
1992 ,1778650202 ,3680397770 ,336652275 ,330031400 ,52683 ,160696 ,26990660 ,38533195 ,0 ,0 ,614189349 ,1290109929 ,96961942 ,150653241 ,36922092 ,275670584 ,100552555 ,248668254 ,0 ,0 ,126982322 ,88019055 ,21888208 ,3054675 ,38012531 ,1079399 ,17396881 ,278683 ,345416878 ,1233356118 ,1964 ,0 ,16629862 ,20782541 ,0 ,0 
1993 ,1337989001 ,3031149038 ,162595882 ,271894487 ,69288 ,0 ,25522824 ,42541334 ,0 ,0 ,456965841 ,996220781 ,108553545 ,186891267 ,24794066 ,236469043 ,88711515 ,173768723 ,0 ,0 ,110244314 ,86525429 ,18852714 ,2475026 ,30580561 ,1738335 ,14260011 ,3475685 ,284242255 ,1003745023 ,15149 ,0 ,12581036 ,25403905 ,0 ,0 
1994 ,1011730675 ,2845636566 ,95116503 ,282216216 ,118130 ,0 ,18098937 ,40287103 ,0 ,0 ,333884399 ,857947919 ,69646997 ,214100592 ,22457598 ,201776738 ,71971391 ,190062003 ,0 ,0 ,89251712 ,100260120 ,11488512 ,2469014 ,47238142 ,1752851 ,12849095 ,342385 ,231557199 ,935371963 ,1731 ,0 ,8050329 ,19049662 ,0 ,0 
1995 ,817771491 ,2968440533 ,61939164 ,265055090 ,28452 ,100099 ,11099107 ,34776199 ,0 ,0 ,254290233 ,913369369 ,59461353 ,260872073 ,25448710 ,204373610 ,64711674 ,175482214 ,0 ,0 ,94897981 ,121671376 ,11603006 ,2373941 ,16990330 ,810124 ,13291630 ,576386 ,197897696 ,957766734 ,3534 ,0 ,6108621 ,31213318 ,0 ,0 
1996 ,1052933254 ,3828496291 ,77962998 ,356868867 ,35140 ,469 ,15386541 ,46962384 ,0 ,0 ,327792969 ,1160376053 ,93468206 ,345454398 ,28017693 ,268420484 ,71300433 ,212758349 ,0 ,0 ,120511582 ,134007249 ,15268688 ,2850680 ,29170041 ,1436072 ,15220110 ,350445 ,251424310 ,1253018733 ,135731 ,0 ,7238812 ,45992108 ,0 ,0 
1997 ,1260308374 ,4625360366 ,106577167 ,429210723 ,599804 ,14131641 ,22866199 ,49770693 ,0 ,0 ,372216377 ,1443484890 ,115285986 ,450573452 ,45799324 ,366161719 ,89334944 ,221816146 ,0 ,0 ,123256227 ,124335848 ,20675621 ,5421075 ,23580755 ,4516320 ,21009441 ,423535 ,307023920 ,1491484384 ,1867076 ,0 ,10215533 ,24029940 ,0 ,0 
1998 ,1621126585 ,3331610053 ,111722253 ,318365199 ,1248196 ,10902658 ,58485925 ,32254821 ,0 ,0 ,519336291 ,936587281 ,154988388 ,305355815 ,69820392 ,365175652 ,102792993 ,143824436 ,0 ,0 ,136208191 ,102149603 ,24962093 ,8402693 ,32139029 ,4223485 ,25180782 ,478479 ,373809089 ,1088900329 ,321472 ,201 ,10111491 ,14989401 ,0 ,0 
1999 ,1113296794 ,3450127551 ,64572917 ,355989429 ,3827910 ,78339036 ,14920105 ,20731621 ,0 ,0 ,376827811 ,944328512 ,79566526 ,342975369 ,25424092 ,392381715 ,76239343 ,192800394 ,0 ,0 ,121351512 ,102916931 ,18446557 ,9006071 ,17836747 ,2559615 ,17832222 ,586775 ,287247520 ,1001012178 ,135403 ,257 ,9068129 ,6499648 ,0 ,0 
2000 ,1046817935 ,5310155313 ,61771967 ,577786975 ,4658563 ,71242655 ,13750718 ,25282609 ,0 ,0 ,333117502 ,1531276553 ,62993735 ,538281107 ,31022937 ,631999766 ,79955986 ,219511515 ,0 ,0 ,137676426 ,96882495 ,14166277 ,10128683 ,12772517 ,1838353 ,13106673 ,673812 ,272794701 ,1599649296 ,8297 ,251 ,9021636 ,5601243 ,0 ,0 
2001 ,1277006435 ,5383867510 ,96900288 ,609818715 ,23252147 ,16628822 ,20071662 ,26986706 ,0 ,0 ,437140455 ,1496298869 ,80018311 ,538096057 ,36955620 ,731801456 ,95553412 ,286562175 ,0 ,0 ,113733531 ,100737514 ,18764335 ,7507709 ,22359279 ,1988322 ,12511673 ,556241 ,311506988 ,1559854898 ,0 ,0 ,8230860 ,7030026 ,7874 ,0 
2002 ,1423292429 ,5094712829 ,96968084 ,592634186 ,35544525 ,13879446 ,31843474 ,19909990 ,0 ,0 ,469920494 ,1454772273 ,108114054 ,526172901 ,46180931 ,657087675 ,107209522 ,262477596 ,0 ,0 ,91798994 ,94495661 ,18390769 ,10192371 ,22680635 ,2769168 ,16753474 ,622720 ,368720001 ,1450255913 ,0 ,0 ,9166057 ,9442929 ,1415 ,0 
2003 ,1489293583 ,5928191572 ,129534917 ,861718219 ,8846208 ,11954547 ,39721371 ,16313900 ,0 ,0 ,430710364 ,1688655340 ,121237142 ,529046222 ,54925206 ,755348717 ,112084092 ,293536590 ,0 ,0 ,98109192 ,80294231 ,22653922 ,8528652 ,21328844 ,5577882 ,16742319 ,530802 ,420060240 ,1662810798 ,0 ,0 ,13310190 ,13875672 ,29576 ,0 
2004 ,1564952134 ,6781744971 ,120855820 ,893214056 ,7625786 ,126437383 ,42267229 ,29760545 ,0 ,0 ,397186528 ,1995537673 ,101053235 ,621330873 ,64039681 ,851987327 ,125507809 ,175878781 ,0 ,0 ,125713309 ,85003932 ,23068360 ,10108503 ,24634797 ,1817663 ,19167791 ,684003 ,498460290 ,1982365679 ,0 ,0 ,15301652 ,7618553 ,69847 ,0 
2005 ,1823005932 ,9663722552 ,147400461 ,1139468266 ,14644945 ,48400488 ,47399329 ,34680215 ,0 ,0 ,460681516 ,3170777511 ,130653525 ,843222419 ,109883597 ,1177957888 ,153434794 ,301761571 ,0 ,0 ,134686513 ,92403356 ,26536505 ,12191968 ,27872105 ,1842491 ,17888382 ,349284 ,534791243 ,2795493534 ,0 ,0 ,17092724 ,45169842 ,40293 ,3719 
2006 ,2232523340 ,12692392149 ,136557017 ,1293368164 ,23224649 ,105945871 ,62866917 ,62468133 ,0 ,0 ,540149929 ,4325316785 ,138653989 ,1058152549 ,169660359 ,1720947322 ,201352001 ,310932251 ,0 ,0 ,139929145 ,96897776 ,33804261 ,13604734 ,39690975 ,1151679 ,19388866 ,841702 ,703578319 ,3672170557 ,0 ,0 ,23648634 ,30593394 ,18279 ,1232 
2007 ,3077997495 ,13369922582 ,156535633 ,1484974506 ,14110167 ,119854609 ,79439013 ,50401754 ,0 ,0 ,790546598 ,4147484590 ,195610562 ,1165536394 ,216287795 ,1988962571 ,296393690 ,421231224 ,0 ,0 ,222752227 ,106178111 ,43969739 ,14374712 ,56269631 ,2703931 ,35613230 ,609741 ,945701802 ,3803670310 ,0 ,0 ,24689200 ,63937103 ,78208 ,3026 
2008 ,3508339168 ,17351120292 ,195537944 ,1896569935 ,21199452 ,157017099 ,96883605 ,42995262 ,0 ,0 ,813946560 ,5292732971 ,217495923 ,1584085520 ,208095683 ,2752248841 ,407540627 ,578085997 ,0 ,0 ,225745013 ,95504715 ,51811194 ,22222175 ,66885546 ,1540840 ,44563898 ,480077 ,1124149901 ,4871922004 ,0 ,0 ,34330818 ,55712504 ,153004 ,2352 
2009 ,2013304300 ,8639595411 ,153349001 ,866660017 ,29726181 ,131159163 ,40270720 ,48761649 ,0 ,0 ,502293918 ,2719744602 ,114814637 ,836346966 ,152552733 ,1483205384 ,217748282 ,307361327 ,0 ,0 ,106230725 ,76267566 ,23634870 ,21641955 ,26126656 ,3377544 ,24585470 ,234672 ,605373245 ,2114643202 ,0 ,0 ,16463354 ,30183666 ,134508 ,7698 
2010 ,2216465760 ,10386602193 ,182418503 ,980366594 ,27098268 ,299188647 ,51635152 ,57305276 ,0 ,0 ,567925844 ,3149353490 ,124536887 ,901040166 ,100032953 ,1904013532 ,273822125 ,396791550 ,0 ,0 ,155104478 ,72733900 ,19147202 ,7459991 ,19472539 ,11263380 ,26038054 ,876227 ,642624660 ,2568810990 ,0 ,0 ,26305218 ,37355905 ,303877 ,42545 
2011 ,1955450198 ,12832284999 ,136103282 ,1027380442 ,27213251 ,296887224 ,37303096 ,57374342 ,0 ,0 ,517243455 ,4025782885 ,107371858 ,1044214645 ,81078450 ,2395410094 ,222644511 ,409686216 ,0 ,0 ,173630145 ,86095843 ,19504890 ,5478089 ,16114461 ,17848220 ,14421823 ,2139381 ,592257737 ,3413091990 ,0 ,0 ,10429219 ,50891757 ,134020 ,3871 
2012 ,2261812805 ,13542205746 ,52094885 ,635520654 ,28620314 ,223683663 ,64504848 ,37958641 ,0 ,0 ,656800630 ,4376004843 ,150164925 ,1218081482 ,120028928 ,2863101296 ,285907808 ,547522003 ,0 ,0 ,114132633 ,93996981 ,22483323 ,4754326 ,9036291 ,212217 ,18127298 ,1786073 ,715557582 ,3509546843 ,0 ,0 ,23831728 ,30034595 ,521612 ,2129 
2013 ,2477789799 ,15667485760 ,16381072 ,676048288 ,71809846 ,253529368 ,74364003 ,38665742 ,0 ,0 ,668224838 ,4863270439 ,183609163 ,1312031188 ,127800990 ,3604422711 ,305152460 ,549255492 ,0 ,0 ,107914775 ,149326909 ,29116610 ,7103436 ,728507 ,181888 ,26785660 ,3572714 ,830234831 ,4147808494 ,0 ,0 ,35572370 ,62256577 ,94674 ,12514 
2014 ,2987527497 ,15825963827 ,26582054 ,653397911 ,61291038 ,163153023 ,90626752 ,58933188 ,0 ,0 ,804930133 ,5015279302 ,201389564 ,1304835222 ,164264092 ,3537500401 ,373729750 ,411943995 ,0 ,0 ,117032324 ,182826843 ,51907898 ,5675079 ,1079320 ,139846 ,38578032 ,3311244 ,1009579683 ,4399772279 ,0 ,0 ,46352328 ,89151744 ,184529 ,43750 
2015 ,3167023100 ,9571335816 ,34774429 ,393410290 ,60963667 ,120656036 ,107329309 ,39135272 ,0 ,0 ,825999129 ,3035272654 ,225709469 ,775938952 ,187053689 ,1973693942 ,389673090 ,182324708 ,0 ,0 ,141472324 ,182571909 ,69984323 ,3675006 ,1115957 ,95455 ,56909160 ,1926290 ,1052107341 ,2846243575 ,0 ,0 ,13744679 ,16326673 ,186534 ,65054 
2016 ,2584593915 ,6501061083 ,63164830 ,362048353 ,37555813 ,118042514 ,81460843 ,29787607 ,0 ,0 ,546305309 ,2124872210 ,184255849 ,460459381 ,167166315 ,1185356526 ,277157495 ,191179207 ,0 ,0 ,214182709 ,141570333 ,68713298 ,3984842 ,2474032 ,98054 ,60899780 ,2905798 ,868355427 ,1880238666 ,0 ,0 ,12605495 ,450922 ,296720 ,66670 
2017 ,2349914817 ,8242547239 ,98467802 ,400866222 ,31965235 ,113267031 ,76155808 ,42487673 ,0 ,0 ,418935380 ,3114953564 ,159979372 ,663509161 ,133457260 ,1233286922 ,261197252 ,210453720 ,0 ,0 ,216060150 ,126651003 ,61295502 ,5355200 ,1870049 ,61505 ,71664073 ,2451468 ,809606383 ,2328821434 ,0 ,0 ,9012239 ,327147 ,248312 ,55189 
2018 ,2433812268 ,10375067966 ,76957986 ,381068367 ,39692795 ,144781840 ,71069990 ,137153779 ,0 ,0 ,454138276 ,3732948329 ,195387257 ,800651122 ,156740874 ,1641998934 ,223981686 ,322732794 ,0 ,0 ,238734989 ,154880620 ,47102802 ,5623390 ,2289101 ,58567 ,34803657 ,1835435 ,871734451 ,3046282430 ,0 ,0 ,20881163 ,4993336 ,297241 ,59023 
2019 ,2356436688 ,8851500007 ,7245797 ,126925376 ,81890037 ,104628269 ,67688537 ,127720675 ,0 ,0 ,556698875 ,3015801619 ,187230955 ,750788381 ,122203982 ,1433437193 ,230722317 ,298061246 ,0 ,0 ,181632074 ,132658414 ,55198661 ,3860116 ,1564944 ,50015 ,49554813 ,1576770 ,782679029 ,2855514550 ,0 ,0 ,31659887 ,426161 ,466780 ,51222 
2020 ,1808566652 ,5558370295 ,8561006 ,3617933 ,39191247 ,19333974 ,63616804 ,52819989 ,0 ,0 ,452595986 ,1969648760 ,150438090 ,487031670 ,108601882 ,980736491 ,137807440 ,156639124 ,0 ,0 ,161553915 ,131745380 ,60269927 ,3320880 ,972202 ,49811 ,10852417 ,2471404 ,593254725 ,1750217862 ,0 ,0 ,20496212 ,692018 ,354799 ,44999 
2021 ,2052219044 ,8471029607 ,7687101 ,4177920 ,46606488 ,25195374 ,57199641 ,134558167 ,0 ,0 ,488938294 ,3019350982 ,161847785 ,727317907 ,101143873 ,1276967083 ,128927146 ,155781999 ,0 ,0 ,188436749 ,142217933 ,48399406 ,5185591 ,775221 ,52719 ,17924691 ,1504096 ,771682876 ,2977971081 ,0 ,0 ,32356069 ,698266 ,293704 ,50489 
2022 ,2781507021 ,15607834088 ,6558558 ,4625739 ,80271918 ,41106 ,60453689 ,174364748 ,0 ,0 ,667791836 ,5647162611 ,208216723 ,1323086493 ,163994603 ,1780248124 ,159169331 ,414230492 ,0 ,0 ,194567606 ,168555919 ,67724060 ,21595476 ,496324 ,78975 ,22727355 ,350607 ,1115528891 ,6072322235 ,0 ,0 ,33642180 ,1121780 ,363947 ,49783 
2023 ,3551805955 ,13328316041 ,9062290 ,4335633 ,119022680 ,4067906 ,89428928 ,107560923 ,0 ,0 ,892422260 ,4872987864 ,273312162 ,1282018508 ,197237271 ,1289065401 ,171288886 ,349869283 ,0 ,0 ,182402938 ,211476594 ,69478677 ,12632049 ,488632 ,61781 ,46398887 ,832181 ,1466149107 ,5192557238 ,0 ,0 ,34590233 ,818663 ,523004 ,32017 
2024 ,4191823680 ,12974936498 ,13387143 ,4377807 ,135801092 ,2613484 ,91201281 ,64263961 ,0 ,0 ,917769779 ,4516057309 ,276047980 ,1117774353 ,248171691 ,1076522983 ,203749096 ,385440779 ,0 ,0 ,215257518 ,218302382 ,73893925 ,10254100 ,589351 ,69453 ,48044011 ,1020927 ,1926258996 ,5577598253 ,0 ,0 ,41382401 ,583985 ,269416 ,56722 
2025 ,4635760710 ,11539772029 ,9649859 ,3420852 ,168774898 ,16719184 ,99984273 ,76618526 ,0 ,0 ,1065646765 ,3934875834 ,338181055 ,886262847 ,228807677 ,1080474808 ,211471889 ,365288440 ,0 ,0 ,193156585 ,250649876 ,86347180 ,14385878 ,1638588 ,101153 ,54716179 ,934808 ,2119203598 ,4909500911 ,0 ,0 ,57951069 ,474848 ,231095 ,64064 
